census_no,school_name,school_address,province,district,zone,education_division,school_type,category
14001,KATHIRAVELY VIGNESVARA MAHA VIDYALAYAM,"TRINCO ROAD, KATHIRAVELY",Eastern,51.Batticaloa,Kalkudah,Koralai Pattu North,1.1AB,provincial
14002,PALCHENAI G TAMIL MAHA VIDYALAYAM,"PALCHENAI, KATHIRAVELY.",Eastern,51.Batticaloa,Kalkudah,Koralai Pattu North,2.1C,provincial
14003,KADDUMURIVUKULAM G.T.M.S.,"KADDUMURIVU, KATHIRAVELY.",Eastern,51.Batticaloa,Kalkudah,Koralai Pattu North,2.1C,provincial
14004,VAMMIVADDAVAN VIDYALAYAM,"MAIN STREET, VAMMIVADDAVAN, KATHIRAVELY.",Eastern,51.Batticaloa,Kalkudah,Koralai Pattu North,3.Type2,provincial
14005,KANDALADY ARUNTHATHY VIDYALAYAM,VAKARAI,Eastern,51.Batticaloa,Kalkudah,Koralai Pattu North,4.Type3,provincial
14006,VAKARAI MAHA VIDYALAYAM,VAKARAI,Eastern,51.Batticaloa,Kalkudah,Koralai Pattu North,2.1C,provincial
14007,URIYANKADDU G.T.M.S.,"URIYANKADDU, VAHARAI",Eastern,51.Batticaloa,Kalkudah,Koralai Pattu North,4.Type3,provincial
14008,PANICHANKERNY THIRUMAHAL VIDAYALAYAM,"TRINCO ROAD, PANICHANKERNY.",Eastern,51.Batticaloa,Kalkudah,Koralai Pattu North,3.Type2,provincial
14009,MANKERNY ROMAN CATHOLIC TAMIL MIXED SCHOOL,"TRINCO ROAD, MANKERNY.",Eastern,51.Batticaloa,Kalkudah,Koralai Pattu North,3.Type2,provincial
14010,KAYANKERNY SARASWATHY VIDYALAYAM,"KAYANKERNY, MANKERNY.",Eastern,51.Batticaloa,Kalkudah,Koralai Pattu North,2.1C,provincial
14011,VADDAVAN KALAIMAGAL VIDYALAYAM,VALAICHENAI,Eastern,51.Batticaloa,Kalkudah,Koralai Pattu North,3.Type2,provincial
14012,ALANKULAM G.T.M.S.,"ALANKULAM, VALAICHENAI.",Eastern,51.Batticaloa,Kalkudah,Koralai Pattu North,3.Type2,provincial
14013,PUNANAI G.T.M.S.,PUNANAI,Eastern,51.Batticaloa,Kalkudah,Koralai Pattu North,3.Type2,provincial
14014,MEERAVODAI AMEER ALI VIDYALAYAM,MEERAVODAI,Eastern,51.Batticaloa,Batticaloa Central,Koralai Pattu West,4.Type3,provincial
14015,VAHANERY KOKULAM VIDYALAYAM,VAHANERY,Eastern,51.Batticaloa,Kalkudah,Koralai Pattu,3.Type2,provincial
14016,KAWATHAMUNAI AL AMEEN VIDYALAYA,VAHANERY,Eastern,51.Batticaloa,Batticaloa Central,Koralai Pattu West,2.1C,provincial
14017,THIYAWATTAWAN ARAFA VIDYALAYAM,VAHANERY,Eastern,51.Batticaloa,Batticaloa Central,Koralai Pattu West,2.1C,provincial
14019,SEMMANODAI AL-HAMRA VIDYALAYAM,"SEMMANODAI, MEERAVODAI",Eastern,51.Batticaloa,Batticaloa Central,Koralai Pattu West,2.1C,provincial
14020,MEERAVODAI AL-HIDAYA MAHA VIDYALAYAM,MEERAVODAI,Eastern,51.Batticaloa,Batticaloa Central,Koralai Pattu West,1.1AB,provincial
14021,BRAINTHURAICHENAI AZHAR VIDYALAYA,"BRAINTHURAICHENAI, VALAICHENAI",Eastern,51.Batticaloa,Batticaloa Central,Koralai Pattu West,2.1C,provincial
14023,ODDAMAVADI HIJRA VIDYALAYAM,ODDAMAVADI - 03.,Eastern,51.Batticaloa,Batticaloa Central,Koralai Pattu West,4.Type3,provincial
14024,VEERANAGAR G.T.M.S.,UTHTHUCHENAI,Eastern,51.Batticaloa,Kalkudah,Koralai Pattu,3.Type2,provincial
14025,MURAVODAISHAKTHI VIDYALAYAM,"MURAVODAI TAMIL, VALAICHENAI",Eastern,51.Batticaloa,Kalkudah,Koralai Pattu,3.Type2,provincial
14026,KINNAIYADY SARASWATHY VIDYALAYAM,"KINNAIYADY, VALAICHENAI",Eastern,51.Batticaloa,Kalkudah,Koralai Pattu,2.1C,provincial
14027,SUNGANKERNY G.T.M.S.,"SUNGANKERNY, VALAICHENAI",Eastern,51.Batticaloa,Kalkudah,Koralai Pattu,2.1C,provincial
14028,KALMADU VIVEKANANDA VIDYALAYAM,"KALMADU, KALKUDAH",Eastern,51.Batticaloa,Kalkudah,Koralai Pattu,3.Type2,provincial
14029,KARUWAKERNY VIGNESWARA VIDYALAYAM,"KARUWAKERNY, VALAICHENAI",Eastern,51.Batticaloa,Kalkudah,Koralai Pattu,1.1AB,provincial
14030,KALKUDAH NAMAGAL VIDYALAYAM,KALKUDAH,Eastern,51.Batticaloa,Kalkudah,Koralai Pattu,2.1C,provincial
14032,PETHALAI VIPULANANDA COLLEGE,"PETHALAI, VALAICHENAI",Eastern,51.Batticaloa,Kalkudah,Koralai Pattu,1.1AB,provincial
14033,PUTHUKUDIYIRUPPU VANI VIDYALAYAM,"PUTHUKUDIYIRUPPU, VALAICHENAI",Eastern,51.Batticaloa,Kalkudah,Koralai Pattu,2.1C,provincial
14034,NASIVANTHIVU SIVA VIDYALAYA,"NASIVANTHIVU, VALAICHENAI",Eastern,51.Batticaloa,Kalkudah,Koralai Pattu,3.Type2,provincial
14035,VEMBU G.T.M.S.,"KUMPURUMOOLAI, VEMBU",Eastern,51.Batticaloa,Kalkudah,Koralai Pattu,4.Type3,provincial
14036,KIRAN CENTRAL COLLEGE,KIRAN,Eastern,51.Batticaloa,Kalkudah,Koralai Pattu,1.1AB,provincial
14037,KIRAN VIVEKANANDAH VIDYALAYA,"MAIN STREET, KIRAN",Eastern,51.Batticaloa,Kalkudah,Koralai Pattu,4.Type3,provincial
14038,POOLAKKADU G.T.M.S.,POOLAKKADU KIRAN,Eastern,51.Batticaloa,Kalkudah,Koralai Pattu,4.Type3,provincial
14039,KORAKALLIMADU SRI RAMANAMAHARISHI VIDYALAYAM,KORAKALLIMADU KIRAN,Eastern,51.Batticaloa,Kalkudah,Koralai Pattu,2.1C,provincial
14040,SANTHIVELY SITHI VINAYAGAR VIDYALAYAM,"SANTHIVELY, MURAKODANCHENAI",Eastern,51.Batticaloa,Kalkudah,Koralai Pattu,1.1AB,provincial
14041,THIKILIWETTAI G.T.M.S.,SANTHIVELY MURAKKOTTANCHENAI,Eastern,51.Batticaloa,Kalkudah,Koralai Pattu,3.Type2,provincial
14042,PALAIYADYTHONA SRI MURUGAN VIDYALAYAM,SANTHIVELY,Eastern,51.Batticaloa,Kalkudah,Koralai Pattu,4.Type3,provincial
14043,DEVAOURAM GAJAMUGAN VIDYALAYAM,MURAKADANCHENAI,Eastern,51.Batticaloa,Kalkudah,Koralai Pattu,4.Type3,provincial
14044,MURAKOTTANCHENAI RAMA KRISHNA MISSION VIDYALAYAM,"MAIN ROAD, MURAKOTTANCHENAI.",Eastern,51.Batticaloa,Kalkudah,Koralai Pattu,2.1C,provincial
14045,VANTHARUMOOLAI MADYA MAHA VIDYALAYAM,SITTANDY-03,Eastern,51.Batticaloa,Kalkudah,Eravur Pattu - II,1.1AB,provincial
14046,SITTANDY SITHY VINAYAGAR VIDYALAYA,SITTANDY - 01,Eastern,51.Batticaloa,Kalkudah,Eravur Pattu - II,4.Type3,provincial
14047,SITTANDY SRI RAMAKRISHNA VIDYALAYA,SITTANDY -03,Eastern,51.Batticaloa,Kalkudah,Eravur Pattu - II,4.Type3,provincial
14048,ERALAKULAM G.T.M.S.,SITTANDY,Eastern,51.Batticaloa,Kalkudah,Eravur Pattu - II,3.Type2,provincial
14049,MAVADIVEMBU VIGNESWARA VIDYALAYA,VANTHARUMOOLAI,Eastern,51.Batticaloa,Kalkudah,Eravur Pattu - II,3.Type2,provincial
14050,VANTHARUMOOLAI VISNU MAHA VIDYALAYA,VANTHARUMOOLAI,Eastern,51.Batticaloa,Kalkudah,Eravur Pattu - II,1.1AB,provincial
14051,VANTHARUMOOLAI GANESHA VIDYALAYA,VANTHARUMOOLAI,Eastern,51.Batticaloa,Kalkudah,Eravur Pattu - II,4.Type3,provincial
14052,VEERAKADDU MYLAVADDUVAN G.T.M.S.,VANTHARUMOOLAI,Eastern,51.Batticaloa,Kalkudah,Eravur Pattu - II,4.Type3,provincial
14053,KALUWANKERNY VIVEGANANDAH VIDYALAYA,KALUWANKERNY - 01,Eastern,51.Batticaloa,Kalkudah,Eravur Pattu - II,2.1C,provincial
14054,KOMATHURAI VINAYAGAR VIDYALAYA,KOMATHURAI CHENKALADY,Eastern,51.Batticaloa,Kalkudah,Eravur Pattu - II,4.Type3,provincial
14055,CHENKALADY CENTRAL COLLEGE,CHENKALADY,Eastern,51.Batticaloa,Kalkudah,Eravur Pattu - II,1.1AB,provincial
14056,KODUWAMADU SHAKTHI VIDYALAYA,"KALIKOVIL RD, KODUVAMADU, PANKUDAVELY",Eastern,51.Batticaloa,Batticaloa West,Eravur Pattu - III,4.Type3,provincial
14057,ILLUPPADICHENAI AMBAL VIDYALAYAM,PANKUDAVELY,Eastern,51.Batticaloa,Batticaloa West,Eravur Pattu - III,2.1C,provincial
14058,PANKUDAVELY RCTM SCHOOL,"PANKUDAVELY, SENKALADY",Eastern,51.Batticaloa,Batticaloa West,Eravur Pattu - III,3.Type2,provincial
14059,VEPPAVEDDUWAN G.T.M.S.,PANKUDAVELY,Eastern,51.Batticaloa,Batticaloa West,Eravur Pattu - III,4.Type3,provincial
14060,ERAVUR TAMIL MAHA VIDYALAYAM,CHENKALADY,Eastern,51.Batticaloa,Batticaloa,Eravur Pattu - I (Chenkalady),2.1C,provincial
14061,ERAVUR VIPULANANDA VIDYALAYAM,"ERAVUR 5, CHENKALADY",Eastern,51.Batticaloa,Batticaloa,Eravur Pattu - I (Chenkalady),3.Type2,provincial
14062,KARADIYANARU MAHA VIDYALAYAM,KARADIYANARU,Eastern,51.Batticaloa,Batticaloa West,Eravur Pattu - III,2.1C,provincial
14063,MARAPALAM G.T.M.S.,"MARAPALAM, KARADIYANARU",Eastern,51.Batticaloa,Batticaloa West,Eravur Pattu - III,4.Type3,provincial
14064,KITHUL SRI KRISHNA VIDYALAYA,"KITHUL WEWA, KARADIYANARU",Eastern,51.Batticaloa,Batticaloa West,Eravur Pattu - III,2.1C,provincial
14065,RUGAM AL-AMAN VIDYALAYA,"MUHAJIRIN VILLAGE, MEERAKERNI, ERAVUR",Eastern,51.Batticaloa,Batticaloa Central,Eravur Town,4.Type3,provincial
14066,RUGAM SARASWATHY VIDYALAYA,KARADIYANARU,Eastern,51.Batticaloa,Batticaloa West,Eravur Pattu - III,4.Type3,provincial
14067,KOPPAVELY G.T.M.S.,"BADULA ROAD, PERIYAPULLUMALAI",Eastern,51.Batticaloa,Batticaloa West,Eravur Pattu - III,4.Type3,provincial
14068,WELIKAKANDY VIPULANANDA VIDYALAYA,WELIKAKANDY PERIYAPULLUMALAI,Eastern,51.Batticaloa,Batticaloa West,Eravur Pattu - III,4.Type3,provincial
14069,PERIYA PULLUMALAI R.C.T.M.S.,PERIYAPULLUMALAI,Eastern,51.Batticaloa,Batticaloa West,Eravur Pattu - III,3.Type2,provincial
14070,MAHILAVADDAWAN MAHA VIDYALAYAM,AYITHIYAMALAI,Eastern,51.Batticaloa,Batticaloa West,Manmunai West,2.1C,provincial
14071,NARIPULTHODDAM NADESWARA TAMIL VIDYALAYAM,NARIPULTHODDAM,Eastern,51.Batticaloa,Batticaloa West,Manmunai West,4.Type3,provincial
14072,NELLOOR KALAIMAHAL VIDYALAYA,"NELLOOR, AYITHIYAMALAI",Eastern,51.Batticaloa,Batticaloa West,Manmunai West,4.Type3,provincial
14073,AYITHIYAMALAI G.T.M.S.,AYITHIYAMALAI,Eastern,51.Batticaloa,Batticaloa West,Manmunai West,3.Type2,provincial
14074,MANIPURAM VIGNESWARA VIDYALAYAM,MANIPURAM,Eastern,51.Batticaloa,Batticaloa West,Manmunai West,4.Type3,provincial
14075,UNNICHCHAI 6TH MILE POST G.T.M.S.,"NEDIYAMDU, UNNICHAI",Eastern,51.Batticaloa,Batticaloa West,Manmunai West,4.Type3,provincial
14076,UNNICHCHAI 8TH MILE POST G.T.M.S.,UNNICHCHAI,Eastern,51.Batticaloa,Batticaloa West,Manmunai West,2.1C,provincial
14077,IRUNOORUVIL G.T.M.S.,IRUNOORUVIL UNNICHCHAI,Eastern,51.Batticaloa,Batticaloa West,Manmunai West,4.Type3,provincial
14079,PAVATKODICHENAI VINAYAGAR VIDYALAYAM,PAVATKODICHENAI UNNICHAI,Eastern,51.Batticaloa,Batticaloa West,Manmunai West,2.1C,provincial
14080,PANCHENAI PARI VIDYALAYAM,PANCHENAI UNNICHCHAI,Eastern,51.Batticaloa,Batticaloa West,Manmunai West,2.1C,provincial
14082,AL-JUFFRIYA VIDYALAYA,"PUNNAKKUDAH ROAD, ERAVUR 03",Eastern,51.Batticaloa,Batticaloa Central,Eravur Town,3.Type2,provincial
14083,AL-MUNEERA BALIKA MAHA VIDYALAYA,"MAIN STREET, ERAVUR",Eastern,51.Batticaloa,Batticaloa Central,Eravur Town,1.1AB,provincial
14084,DR.AHAMED FAREED VIDYALAYA,"R.C.ROAD, ERAVUR-06",Eastern,51.Batticaloa,Batticaloa Central,Eravur Town,4.Type3,provincial
14085,MICHNAGAR ILMA VIDYALAYAM,ERAVUR,Eastern,51.Batticaloa,Batticaloa Central,Eravur Town,3.Type2,provincial
14086,THALAWAI VIGNAESWARA VIDYALAYAM,THALAWAT CHENKALADY,Eastern,51.Batticaloa,Batticaloa,Eravur Pattu - I (Chenkalady),3.Type2,provincial
14088,ERAVUR ARAFA VIDYALAYAM,ERAVUR,Eastern,51.Batticaloa,Batticaloa Central,Eravur Town,3.Type2,provincial
14089,ERAVUR AL-AZHAR GIRLS HIGH SCHOOL,"KATTUPALLI ROAD, ERAVUR",Eastern,51.Batticaloa,Batticaloa Central,Eravur Town,2.1C,provincial
14090,ERAVUR RAHMANIYA MAHA VIDYALAYA,"LADIES MARKET RAOD, ERAVUR-02A",Eastern,51.Batticaloa,Batticaloa Central,Eravur Town,1.1AB,provincial
14091,KUDIYIRUPPU KALAIMAGAL MAHA VIDYALAYAM,ERAVUR 01,Eastern,51.Batticaloa,Batticaloa,Eravur Pattu - I (Chenkalady),1.1AB,provincial
14092,IYANKERNY TAMIL VIDYALAYAM,IYANKERNY CHENKALADY,Eastern,51.Batticaloa,Batticaloa,Eravur Pattu - I (Chenkalady),2.1C,provincial
14093,MYLAMBAVELY SRI VIGNESWARA VIDYALAYA,"MYLAMBAVELY, THANNAMUNAI",Eastern,51.Batticaloa,Batticaloa,Eravur Pattu - I (Chenkalady),2.1C,provincial
14094,ST. JOSEPH'S COLLEGE,THANNAMUNAI BATTICALOA,Eastern,51.Batticaloa,Batticaloa,Eravur Pattu - I (Chenkalady),2.1C,provincial
14095,PULIYADIMUNAI GOVERNMENT TAMIL MIXED SCHOOL,"SATHURUKKONDAN, BATTICALOA",Eastern,51.Batticaloa,Batticaloa,Manmunai North (Batticaloa),3.Type2,provincial
14096,PILLAYARADY NALLIYA VIDYALAYAM,"PILLAYARADY, BATTICALOA.",Eastern,51.Batticaloa,Batticaloa,Manmunai North (Batticaloa),3.Type2,provincial
14097,KOKKUVIL VIGNESWARA VIDYALAYAM,"KOKKUVIL, BATTICALOA",Eastern,51.Batticaloa,Batticaloa,Manmunai North (Batticaloa),3.Type2,provincial
14098,NAVATKERNY SRI KANNAHI VIDYALAYAM,"NAVATKERNY, BATTICALOA",Eastern,51.Batticaloa,Batticaloa,Manmunai North (Batticaloa),4.Type3,provincial
14099,PALAMEENMADU VIGNESWARA VIDYALAYA,"PALAMEENMADU, BATTICALOA",Eastern,51.Batticaloa,Batticaloa,Manmunai North (Batticaloa),3.Type2,provincial
14100,AMIRTHAKALY SRI SITHY VINAYAGAR MAHA VIDYALAYAM,AMIRTHAKALY BATTICALOA,Eastern,51.Batticaloa,Batticaloa,Manmunai North (Batticaloa),2.1C,provincial
14101,SRI MAMANGESWARAR VIDYALAYAM,"MAMANGAM, BATTICALOA",Eastern,51.Batticaloa,Batticaloa,Manmunai North (Batticaloa),3.Type2,provincial
14102,URANY SARASWATHY VIDYALAYAM,"PERIYA URANY, BATTICALOA",Eastern,51.Batticaloa,Batticaloa,Manmunai North (Batticaloa),3.Type2,provincial
14103,KARUVEPPANKERNEY VIPULANANDA COLLEGE,"KARUVEPPANKERNEY, BATTICALOA",Eastern,51.Batticaloa,Batticaloa,Manmunai North (Batticaloa),2.1C,provincial
14105,JOSEPH VAZ VIDYALAYAM,"THANDAVANVELY, BATTICALOA.",Eastern,51.Batticaloa,Batticaloa,Manmunai North (Batticaloa),3.Type2,provincial
14106,BATTICALOA HINDU COLLEGE,RAILWAY STATION ROAD BATTICALOA,Eastern,51.Batticaloa,Batticaloa,Manmunai North (Batticaloa),1.1AB,provincial
14107,KODAIMUNAI KANISHTA VIDYALAYAM,"RAILWAY STATION ROAD, BATTICALOA",Eastern,51.Batticaloa,Batticaloa,Manmunai North (Batticaloa),4.Type3,provincial
14108,BATTICALOA MAHAJANA COLLEGE,"ARASADY, BATTICALOA",Eastern,51.Batticaloa,Batticaloa,Manmunai North (Batticaloa),1.1AB,provincial
14109,ARUNOTHAYA VIDYALAYAM,RASAIRO LANE BATTICALOA,Eastern,51.Batticaloa,Batticaloa,Manmunai North (Batticaloa),4.Type3,provincial
14110,THIRUPPERUNTHURAI SRI MURUGAN VIDYALAYAM,"THIRUPPERUNTHURAI, BATTICALOA",Eastern,51.Batticaloa,Batticaloa,Manmunai North (Batticaloa),3.Type2,provincial
14111,ST. THERESA'S GIRL'S VIDYALAYAM,"SINNA UPPODAI, BATTICALOA",Eastern,51.Batticaloa,Batticaloa,Manmunai North (Batticaloa),3.Type2,provincial
14112,ST. SEBESTIAN TAMIL VIDYALAYAM,"SEBESTIAN STREET, KODDAMUNAI, BATTICALOA",Eastern,51.Batticaloa,Batticaloa,Manmunai North (Batticaloa),4.Type3,provincial
14113,BATTICALOA SINHALA M.V.,"SINNA UPPODAI, BATTICALOA",Eastern,51.Batticaloa,Batticaloa,Manmunai North (Batticaloa),4.Type3,provincial
14114,ARASADY PILLAYAR KOVIL ROAD WARD 06 KANISHTA VIDYALAYAM,"ARASADY PILLAYAR KOVIL ROAD, BATTICALOA",Eastern,51.Batticaloa,Batticaloa,Manmunai North (Batticaloa),4.Type3,provincial
14116,BATTICALOA METHODIST CENTRAL COLLEGE,"AMEN CORNER ROAD, BATTICALOA",Eastern,51.Batticaloa,Batticaloa,Manmunai North (Batticaloa),1.1AB,provincial
14119,ANAIPANTHY HINDU LADIES COLLEGE,HOSPITAL ROAD BATTICALOA,Eastern,51.Batticaloa,Batticaloa,Manmunai North (Batticaloa),2.1C,provincial
14120,PUTHUR VIGNESWARA VIDYALAYAM,PUTHUNAKAR BATTICALOA,Eastern,51.Batticaloa,Batticaloa,Manmunai North (Batticaloa),3.Type2,provincial
14121,PUNITHA ANNAMMAL TAMIL VIDYALAYAM,"VEECHUKALMUNAI, BATTICALOA",Eastern,51.Batticaloa,Batticaloa,Manmunai North (Batticaloa),4.Type3,provincial
14122,VAIYIRAVU METHODIST MISSION TAMIL MIXED SCHOOL,BATTICALOA,Eastern,51.Batticaloa,Batticaloa,Manmunai North (Batticaloa),4.Type3,provincial
14123,NAVALADY NAMAGAL VIDYALAYAM,THIRAIMADU BATTICALOA,Eastern,51.Batticaloa,Batticaloa,Manmunai North (Batticaloa),3.Type2,provincial
14124,PUTHUMUHATHUWARAM ST. IGNATIOUS VIDYALAYAM,"DUTCHBAR, KALLADY, BATTICALOA",Eastern,51.Batticaloa,Batticaloa,Manmunai North (Batticaloa),3.Type2,provincial
14125,KALLADY MUGATHUWARAM VIPULANANDA VIDYALAYAM,KALLADY BATTICALOA,Eastern,51.Batticaloa,Batticaloa,Manmunai North (Batticaloa),2.1C,provincial
14126,KALLADY VELOOR SRI SHAKTHI VIDYALAYAM,"KALLADY VELOOR, BATTICALOA",Eastern,51.Batticaloa,Batticaloa,Manmunai North (Batticaloa),3.Type2,provincial
14127,KALLADY VINAYAGAR VIDYALAYA,OLD KALMUNAI ROAD KALLADY BATTICALOA,Eastern,51.Batticaloa,Batticaloa,Manmunai North (Batticaloa),4.Type3,provincial
14128,BATTICALOA VIVEKANANDA LADIES'COLLEGE,"KALLADY UPPODAI, BATTICALOA",Eastern,51.Batticaloa,Batticaloa,Manmunai North (Batticaloa),1.1AB,provincial
14130,AL-IQBAL VIDYALAYA,"RIZVI TOWN, NEW KATTANKUDY",Eastern,51.Batticaloa,Batticaloa Central,Kaththankudy,4.Type3,provincial
14131,NAVATKUDHA THARMARATNAM VIDYALAYA,OLD KALMUNAI ROAD NAVATKUDAH BATTICALOA,Eastern,51.Batticaloa,Batticaloa,Manmunai North (Batticaloa),3.Type2,provincial
14133,MANCHANTHODUWAI BARATHI VIDYALAYAM,MANCHANTHODUWAI BATTICALOA,Eastern,51.Batticaloa,Batticaloa,Manmunai North (Batticaloa),3.Type2,provincial
14134,MANCHANTHODUWAI SARATHA VIDYALAYAM,"MANCHANTHODUWAI, BATTICALOA",Eastern,51.Batticaloa,Batticaloa,Manmunai North (Batticaloa),3.Type2,provincial
14135,POONOCHCHIMUNAI IQRAH VIDYALAYA,"POONOCHCHIMUNAI, BATTICALOA",Eastern,51.Batticaloa,Batticaloa Central,Kaththankudy,2.1C,provincial
14136,HUSAINIYA VIDYALAYAM,MANCHNTHODUWAI BATTICALOA,Eastern,51.Batticaloa,Batticaloa Central,Kaththankudy,4.Type3,provincial
14137,AN-NASSAR VIDYALAYA,"MAIN STREET, KATTANKUDY 01",Eastern,51.Batticaloa,Batticaloa Central,Kaththankudy,2.1C,provincial
14138,ZAVIYA MAHALIR M.V.,"ZAVIYA ROAD, KATTANKUDY 01",Eastern,51.Batticaloa,Batticaloa Central,Kaththankudy,3.Type2,provincial
14139,HILURIYA VIDYALAYA,"OLD ROAD, KATTANKUDY 02",Eastern,51.Batticaloa,Batticaloa Central,Kaththankudy,3.Type2,provincial
14140,METHTHAIPPALLI VIDYALAYA,"METHTHAIPPALLI ROAD, KATTANKUDY 03",Eastern,51.Batticaloa,Batticaloa Central,Kaththankudy,3.Type2,provincial
14141,MILLATH MAHALIR M.V.,KATTANKUDY-03,Eastern,51.Batticaloa,Batticaloa Central,Kaththankudy,2.1C,provincial
14142,BATHRIYA VIDYALAYA,KATTANKUDY,Eastern,51.Batticaloa,Batticaloa Central,Kaththankudy,3.Type2,provincial
14143,KATTANKUDY AL-AMEEN MAHA VIDYALAYAM,KATTANKUDY,Eastern,51.Batticaloa,Batticaloa Central,Kaththankudy,2.1C,provincial
14144,NOORANIYA VIDYALAYA,"KARBALA ROAD, NEW KATTANKUDY 06",Eastern,51.Batticaloa,Batticaloa Central,Kaththankudy,3.Type2,provincial
14146,AL-HIRA MAHA VIDYALAYA,"OLD ROAD, KATTANKUDY 05",Eastern,51.Batticaloa,Batticaloa Central,Kaththankudy,1.1AB,provincial
14148,ARAIPATAI SUBRAMANIYAM VIDYALAYAM,ARAYAMPATHY-01,Eastern,51.Batticaloa,Batticaloa,Manmunai Pattu,4.Type3,provincial
14149,ARAIPATTAS NOTARIS MUTHTHATHAMBY VIDYALAYAM,ARAYAMPATHY,Eastern,51.Batticaloa,Batticaloa,Manmunai Pattu,3.Type2,provincial
14150,ARAIYAMPATHY RAMA KRISHNA MISSION M.V.,ARAIYAMPATHY,Eastern,51.Batticaloa,Batticaloa,Manmunai Pattu,2.1C,provincial
14151,ARAYAMPATHY MAHA VIDYALAYA,"MAIN STREET, ARAYAMPATHY",Eastern,51.Batticaloa,Batticaloa,Manmunai Pattu,1.1AB,provincial
14152,KANKEYANODAI AL-AQSHA MAHA VIDYALAYA,"KANKEYANODAI-13, ARAYAMPATHY",Eastern,51.Batticaloa,Batticaloa Central,Kaththankudy,2.1C,provincial
14153,KOVILKULAM VINAYAGAR VIDYALAYAM,"MAIN STREET KOVILKULAM , ARAYAMPATHY",Eastern,51.Batticaloa,Batticaloa,Manmunai Pattu,4.Type3,provincial
14154,OLLIKKULAM AL-HAMRA VIDYALAYA,"OLLIKKULAM, ARAYAMPATHY, 30150",Eastern,51.Batticaloa,Batticaloa Central,Kaththankudy,3.Type2,provincial
14155,MAVILANGATHURAI VIGNESWARA VIDYALAYAM,MAVILANGATHURAI ARAYAMPATHY,Eastern,51.Batticaloa,Batticaloa,Manmunai Pattu,3.Type2,provincial
14156,PALAMUNAI ALIGHAR MAHA VIDYALAYA,ARAYAMPATHY,Eastern,51.Batticaloa,Batticaloa Central,Kaththankudy,2.1C,provincial
14157,THALANKUDAH R.C.T.M.SCHOOL,"THALANKUDAH-03,ARAYAMPATHY.",Eastern,51.Batticaloa,Batticaloa,Manmunai Pattu,4.Type3,provincial
14158,THALANKUDHA SRIVINAYAKAR VIDYALAYAM,THALANKUDHA ARAYAMPATHY,Eastern,51.Batticaloa,Batticaloa,Manmunai Pattu,2.1C,provincial
14159,PUTHUKUDIYIRUPPU KANNAKI MAHA VIDYALAYAM,ARAYAMPATHY,Eastern,51.Batticaloa,Batticaloa,Manmunai Pattu,1.1AB,provincial
14160,KURINCHAMUNAI G.T.M.S.,KANNANKUDAH,Eastern,51.Batticaloa,Batticaloa West,Manmunai West,4.Type3,provincial
14161,KANNANKUDAH MAHA VIDYALAYAM,KANNANKUDAH,Eastern,51.Batticaloa,Batticaloa West,Manmunai West,1.1AB,provincial
14162,THANDIYADI G.T.M.S.,KANNANKUDAH,Eastern,51.Batticaloa,Batticaloa West,Manmunai West,3.Type2,provincial
14163,MANDAPATHADY G.T.M.S.,"MANDAPATHADY, KANNANKUDAH",Eastern,51.Batticaloa,Batticaloa West,Manmunai West,4.Type3,provincial
14164,KARAYAKKANTHIVU GANESHAR VIDYALAYAM,KARAYAKKANTHIVU,Eastern,51.Batticaloa,Batticaloa West,Manmunai West,3.Type2,provincial
14165,KOTHTHIYAPULAI KALAIVANI VIDYALAYAM,"KOTHTHIYAPULAI, KANNANKUDAH",Eastern,51.Batticaloa,Batticaloa West,Manmunai West,2.1C,provincial
14166,VAVUNATHIVU PARAMESWARA VIDYALAYAM,VAVUNATHIVU,Eastern,51.Batticaloa,Batticaloa West,Manmunai West,3.Type2,provincial
14167,MANKIKADDU G.T.M.SCHOOL,"MANKIKADDU, NAVTKADU",Eastern,51.Batticaloa,Batticaloa West,Manmunai West,4.Type3,provincial
14168,EACHANTHIVU RAMA KIRISHNAM MISION TAMIL VIDYALAYAM,EACHANTHIVU,Eastern,51.Batticaloa,Batticaloa West,Manmunai West,3.Type2,provincial
14169,NAVATKADU NAMAHAL VIDYALAYAM,NAVATKADU,Eastern,51.Batticaloa,Batticaloa West,Manmunai West,1.1AB,provincial
14170,VILAVADDAVAN VINAYAGAR VIDYALAYA,"VILAVADDAVAN, NAVATKADU",Eastern,51.Batticaloa,Batticaloa West,Manmunai West,3.Type2,provincial
14171,KARAVEDDY SOUTH G.T.M.S.,"KARAVEDDY, NAVATKADU",Eastern,51.Batticaloa,Batticaloa West,Manmunai West,4.Type3,provincial
14172,KIRANKULAM VINAYAGAR MAHA VIDYALAYAM,KIRANKULAM 30159,Eastern,51.Batticaloa,Batticaloa,Manmunai Pattu,2.1C,provincial
14173,KIRANKULAM SARASWATHY VIDYALAYAM,MAIN ROAD KIRANKUAM,Eastern,51.Batticaloa,Batticaloa,Manmunai Pattu,4.Type3,provincial
14174,AMPILANTHURAI KALAIMAGAL MAHA VIDYALAYAM,AMPILANTHURAI,Eastern,51.Batticaloa,Batticaloa West,Manmunai South West,1.1AB,provincial
14175,KURUKKALMADAM KALAIVANI MAHA VIDYALAYAM,KURUKKALMADAM - 30192,Eastern,51.Batticaloa,Paddrippu,Manmunai South & Eruvil Pattu,2.1C,provincial
14176,CHEDDIPALAYAM MAHA VIDYALAYAM,CHEDDIPALAYAM,Eastern,51.Batticaloa,Paddrippu,Manmunai South & Eruvil Pattu,1.1AB,provincial
14177,MANKADU SARASWATHY MAHA VIDYALAYAM,"MANKADU, CHEDDIPALAYAM",Eastern,51.Batticaloa,Paddrippu,Manmunai South & Eruvil Pattu,2.1C,provincial
14178,THETTATIVU MAHA VIDYALAYAM,THETTATIVU,Eastern,51.Batticaloa,Paddrippu,Manmunai South & Eruvil Pattu,2.1C,provincial
14179,THETTATHIVU SIVAKALAI VIDYALAYAM,"BEACH ROAD, THETTATHIVU - 2",Eastern,51.Batticaloa,Paddrippu,Manmunai South & Eruvil Pattu,3.Type2,provincial
14181,KALUTHAVALAI RAMAKRISHNA VIDYALAYAM,KALUTHAVALAI-3,Eastern,51.Batticaloa,Paddrippu,Manmunai South & Eruvil Pattu,4.Type3,provincial
14182,KALUTHAVALAI GANESHA VIDYALAYAM,KALUTHAVALAI -4,Eastern,51.Batticaloa,Paddrippu,Manmunai South & Eruvil Pattu,4.Type3,provincial
14183,KALUWANCHIKUDY SARASWATHY VIDYALAYAM,KALUWANCHIKUDY,Eastern,51.Batticaloa,Paddrippu,Manmunai South & Eruvil Pattu,3.Type2,provincial
14184,KALUWANCHIKUDY VINAYAGAR VIDYALAYAM,"PILLAIYAR KOVIL ROAD, KALUWANCHIKUDY",Eastern,51.Batticaloa,Paddrippu,Manmunai South & Eruvil Pattu,3.Type2,provincial
14186,ERUVIL KANNAKI MAHA VIDYALAYAM,"ERUVIL, KALUWANCHIKUDY",Eastern,51.Batticaloa,Paddrippu,Manmunai South & Eruvil Pattu,2.1C,provincial
14187,KODAIMEDU NAVASHAKTHI VIDYALAYAM,"ERUVIL, KALUWANCHIKUDY",Eastern,51.Batticaloa,Paddrippu,Manmunai South & Eruvil Pattu,4.Type3,provincial
14188,KURUMANVELY SIVASAKTHI MAHA VIDYALAYAM,"KURUMANVELY-11, KALUWANCHIKUDY",Eastern,51.Batticaloa,Paddrippu,Manmunai South & Eruvil Pattu,1.1AB,provincial
14190,MAHILOOR SARASWATHY MAHA VIDYALAYAM,"MAHILOOR, KALUWANCHIKUDY",Eastern,51.Batticaloa,Paddrippu,Manmunai South & Eruvil Pattu,2.1C,provincial
14191,MAHILOORMUNAI SAKTHI VIDYALAYAM,"MAHILOORMUNAI, KALUWANCHIKUDY",Eastern,51.Batticaloa,Paddrippu,Manmunai South & Eruvil Pattu,3.Type2,provincial
14192,ONTHACHIMADAM SRIVINAYAGAR MAHA VIDYALAYAM,KALUWANCHIKUDY,Eastern,51.Batticaloa,Paddrippu,Manmunai South & Eruvil Pattu,2.1C,provincial
14193,KALMUNTHAL THIRUVALLUVAR VIDYALAYAM,KODDAIKALLAR-01,Eastern,51.Batticaloa,Paddrippu,Manmunai South & Eruvil Pattu,3.Type2,provincial
14194,KODDAIKALLAR MAHA VIDYALAYAM,"MAIN ROAD, KODDAIKALLAR",Eastern,51.Batticaloa,Paddrippu,Manmunai South & Eruvil Pattu,1.1AB,provincial
14195,KODDAIKALLAR KANNAKI VIDYALAYAM,KODDAIKALLAR,Eastern,51.Batticaloa,Paddrippu,Manmunai South & Eruvil Pattu,4.Type3,provincial
14196,PERIYAKALLAR M.M.T.M.S.,"PERIYAKALLAR-01, KALLAR.",Eastern,51.Batticaloa,Paddrippu,Manmunai South & Eruvil Pattu,4.Type3,provincial
14197,PERIYAKALLAR PUNITHA ARULANANDAR VIDYALAYAM,"PERIYAKALLAR - 01, KALLAR",Eastern,51.Batticaloa,Paddrippu,Manmunai South & Eruvil Pattu,4.Type3,provincial
14198,PERIYAKALLAR VINAYAGAR VIDYALAYAM,"PERIYAKALLAR-01, KALLAR",Eastern,51.Batticaloa,Paddrippu,Manmunai South & Eruvil Pattu,4.Type3,provincial
14199,PERIYAKALLAR METHODIST MISSION TAMIL GIRL'S SCHOOL,KALLAR,Eastern,51.Batticaloa,Paddrippu,Manmunai South & Eruvil Pattu,4.Type3,provincial
14200,PERIYAKALLAR CENTRAL COLLEGE,"PERIYAKALLAR-02, KALLAR",Eastern,51.Batticaloa,Paddrippu,Manmunai South & Eruvil Pattu,1.1AB,provincial
14201,UTHAYAPURAM TAMIL VIDYALAYAM,PERIYAKALLAR-3,Eastern,51.Batticaloa,Paddrippu,Manmunai South & Eruvil Pattu,3.Type2,provincial
14202,THURAINEELAVANAI M.M.T.M.S.,"WARD NO-07, THURAINEELAVANAI",Eastern,51.Batticaloa,Paddrippu,Manmunai South & Eruvil Pattu,4.Type3,provincial
14203,THURAINEELAVANAI MAHA VIDYALAYAM,THURAINEELAVANAI-6,Eastern,51.Batticaloa,Paddrippu,Manmunai South & Eruvil Pattu,1.1AB,provincial
14204,VELLAVELY KALAIMAHAL M.V.,VELLAVELY,Eastern,51.Batticaloa,Paddrippu,Porativu Pattu,2.1C,provincial
14205,VIVEKANANTHAPURAM PAMAHAL VIDYALAYAM,"VIVEKANANTHAPURAM, VELLAVELY",Eastern,51.Batticaloa,Paddrippu,Porativu Pattu,4.Type3,provincial
14206,BT/Pd/ Sinnavathtai Muththamil Vidyalayam,"SINNAWATTAI, BAKKIYELLA, BATTICALOA",Eastern,51.Batticaloa,Paddrippu,Porativu Pattu,3.Type2,provincial
14207,MANDUR 35 KANNAN VIDYALAYAM,"KANNAPURAM EAST, BAKKIELLA",Eastern,51.Batticaloa,Paddrippu,Porativu Pattu,4.Type3,provincial
14208,MANDUR 37 NAVAKIRI VIDYALAYAM,BAKKIELLA,Eastern,51.Batticaloa,Paddrippu,Porativu Pattu,2.1C,provincial
14209,KAKKACHIVADDAI VISHNU VIDYALAYAM,"KAKKACHIVADDAI, MANDUR",Eastern,51.Batticaloa,Paddrippu,Porativu Pattu,2.1C,provincial
14210,ANAIKADDIYAVELY NAMAHAL VIDYALAYAM,MANDUR,Eastern,51.Batticaloa,Paddrippu,Porativu Pattu,3.Type2,provincial
14211,PUTHUMUNMARICHOLAI SHAKTHI VIDYALAYA,BAKKIELLA,Eastern,51.Batticaloa,Paddrippu,Porativu Pattu,4.Type3,provincial
14212,MANDUR SRI RAMAKRISHNA VIDYALAYAM,MANDUR,Eastern,51.Batticaloa,Paddrippu,Porativu Pattu,3.Type2,provincial
14213,MANDUR MAHA VIDYALAYAM,MANDUR,Eastern,51.Batticaloa,Paddrippu,Porativu Pattu,2.1C,provincial
14214,THAMBALAWATTAI GANESHA VIDYALAYAM,"THAMBALAWATTAI, MANDUR.",Eastern,51.Batticaloa,Paddrippu,Porativu Pattu,3.Type2,provincial
14215,PALAMUNAI BALAMURUGAN VIDYALAYAM,"PALAMUNAI, MANDUR",Eastern,51.Batticaloa,Paddrippu,Porativu Pattu,3.Type2,provincial
14216,MANDUR 13 VIGNESWARA VIDYALAYAM,"SANGARPURAM, MANDUR",Eastern,51.Batticaloa,Paddrippu,Porativu Pattu,1.1AB,provincial
14217,MANDUR 14 SHAKTHY MAHA VIDYALAYAM,KANESAPURAM MANDUR,Eastern,51.Batticaloa,Paddrippu,Porativu Pattu,2.1C,provincial
14218,MANDUR 16 G.T.M.S.,"RANAMADU, MANDUR",Eastern,51.Batticaloa,Paddrippu,Porativu Pattu,4.Type3,provincial
14220,MALAYARKADDU G.T.M.S.,"MALAYARKADDU, BAKIYALA",Eastern,51.Batticaloa,Paddrippu,Porativu Pattu,4.Type3,provincial
14221,PERIYAPORATIVU BHARATHY VIDYALAYAM,PERIYAPORATIVU,Eastern,51.Batticaloa,Paddrippu,Porativu Pattu,2.1C,provincial
14222,MUNAITHIVU SHAKTHI MAHA VIDYALAYAM,"MUNAITHIVU, PERIYAPORATHIVU",Eastern,51.Batticaloa,Paddrippu,Porativu Pattu,2.1C,provincial
14223,KOVILPORATHIVU VIVEKANANDA MAHA VIDYALAYAM,"KOVILPORATHIVU, PERIYAPORATHIVU",Eastern,51.Batticaloa,Paddrippu,Porativu Pattu,2.1C,provincial
14224,PILALIVEMPU VANI TAMIL VIDYALAYAM,VELLAVELY,Eastern,51.Batticaloa,Paddrippu,Porativu Pattu,4.Type3,provincial
14225,PALUGAMAM KANDUMANI MAHA VIDYALAYAM,THIRUPPALUGAMAM,Eastern,51.Batticaloa,Paddrippu,Porativu Pattu,1.1AB,provincial
14226,THIRUPALUGAMAM VIPULANANDA VIDYALAYAM,"PALUGAMAM-1, PERIYAPORATHIVU",Eastern,51.Batticaloa,Paddrippu,Porativu Pattu,4.Type3,provincial
14227,THUMBANKENY KANNAKI VIDYALAYAM,"THIKKODAI, PERIYAPORATHEEVU.",Eastern,51.Batticaloa,Paddrippu,Porativu Pattu,2.1C,provincial
14228,GANTHIPURAM KALAIMAGAL VIDYALAYAM,PALUGAMAM,Eastern,51.Batticaloa,Paddrippu,Porativu Pattu,4.Type3,provincial
14229,KATCHENAI G.T.M.S.,"KATCHENAI, KOKKADDICHOLAI",Eastern,51.Batticaloa,Batticaloa West,Manmunai South West,3.Type2,provincial
14230,THIKKODAI GANESHA VIDYALAYAM,THIKKODAI,Eastern,51.Batticaloa,Paddrippu,Porativu Pattu,2.1C,provincial
14231,MANDUR 38 AGATHIYAR VIDYALAYAM,NAVAKIRINAGAR-PERIYAPORATHEEVU,Eastern,51.Batticaloa,Paddrippu,Porativu Pattu,4.Type3,provincial
14232,SELVAPURAM SENNERY VIDYALAYAM,"SELVAPURAM, NAVAGIRINAKAR, PERIYAPORATIVU",Eastern,51.Batticaloa,Paddrippu,Porativu Pattu,3.Type2,provincial
14233,VAMMIYADIYOOTU VANI VIDYALAYA,"VAMMIYADIYOOTTU, THIKKODAI",Eastern,51.Batticaloa,Paddrippu,Porativu Pattu,3.Type2,provincial
14234,Bt/Pd/ Kalumunthavelly Gajamugan Vidyalayam,"KALUMUNTHANVELLY, AMPILANTHURAI",Eastern,51.Batticaloa,Paddrippu,Porativu Pattu,3.Type2,provincial
14235,MAVADIMUNMARI G.T.M.SCHOOL,"MAVADIMUNMARI, KOKKADDICHOLAI",Eastern,51.Batticaloa,Batticaloa West,Manmunai South West,3.Type2,provincial
14236,MUNAIKKADU VIVEKANANDA VIDYALAYAM,MUNAIKKADU KOKKADDICHCHOLAI,Eastern,51.Batticaloa,Batticaloa West,Manmunai South West,2.1C,provincial
14237,MUTHALAIKUDAHMAHA VIDYALAYAM,KOKKADDICHOLAI,Eastern,51.Batticaloa,Batticaloa West,Manmunai South West,1.1AB,provincial
14239,MAHILADIDITHIVU SARASWATHY MAHA VIDYALAYAM,MAHILADITHIVU KOKKADDICHOLAI,Eastern,51.Batticaloa,Batticaloa West,Manmunai South West,2.1C,provincial
14240,PANDARIYAVELY NAMAGAL VIDYALAYAM,KOKKADDICHOLAI,Eastern,51.Batticaloa,Batticaloa West,Manmunai South West,3.Type2,provincial
14241,PADAIYANDAVELY G.T.M.SCHOOL,KOKKADDICHOLAI,Eastern,51.Batticaloa,Batticaloa West,Manmunai South West,4.Type3,provincial
14242,PADDIPALAI G.T.M.S.,KOKADDICHOLAI,Eastern,51.Batticaloa,Batticaloa West,Manmunai South West,4.Type3,provincial
14243,ARASADITHIVU VIGNESWARA MAHA VIDYALAYAM,"ARASADITHIVU, KOKKADDICHOLAI",Eastern,51.Batticaloa,Batticaloa West,Manmunai South West,1.1AB,provincial
14244,KOKKADDICHCHOLAI RAMA KRISHNA MISSION VIDYALAYAM,KOKKADICHCHOLAI,Eastern,51.Batticaloa,Batticaloa West,Manmunai South West,2.1C,provincial
14245,KADUKKAMUNAI VANI VIDYALAYAM,KADUKKAMUNAI KOKKADDICHOLAI,Eastern,51.Batticaloa,Batticaloa West,Manmunai South West,3.Type2,provincial
14246,KANKEYANODAI HISBULLAH VIDYALAYAM,"KANKEYANODAI, ARAYAMPATHY",Eastern,51.Batticaloa,Batticaloa Central,Kaththankudy,4.Type3,provincial
14247,SELVANAGAR SIVAA VIDYALAYAM,ARAYAMPATHY,Eastern,51.Batticaloa,Batticaloa,Manmunai Pattu,4.Type3,provincial
14248,KARBALA AL MANAR VIDYALAYA,"KARBALA NAHAR, ARAYAMPATHY",Eastern,51.Batticaloa,Batticaloa Central,Kaththankudy,4.Type3,provincial
14249,NATPATHUVADDAI VIPULANANTHA VIDYALAYAM,"NATPATHUVADDAI, THANTHAMALAI, KOKKADDICHOLAI.",Eastern,51.Batticaloa,Batticaloa West,Manmunai South West,3.Type2,provincial
14250,KOLLANULAI VIVEKANANDA VIDYALAYAM,"KOLLANULAI, KOKKADDICHOLAI",Eastern,51.Batticaloa,Batticaloa West,Manmunai South West,3.Type2,provincial
14251,MATHURANKERNYKULAM G.T.M.S.,"MATHURANKERNYKULAM, MANKERNY",Eastern,51.Batticaloa,Kalkudah,Koralai Pattu North,3.Type2,provincial
14252,KIRIMICHODAI G.T.M.S.,"KIRIMICHODAI, MANKERNY",Eastern,51.Batticaloa,Kalkudah,Koralai Pattu North,4.Type3,provincial
14253,VINAYAGAR GRAMAM ALAIMAGAL VIDYALAYAM,SITTANDY -01,Eastern,51.Batticaloa,Kalkudah,Eravur Pattu - II,4.Type3,provincial
14254,PERIYAVADDAVAN KANNAIKI VIDYALAYA,SITTANDY,Eastern,51.Batticaloa,Kalkudah,Eravur Pattu - II,4.Type3,provincial
14255,PERUMALVELY SRI VANI VIDYALAYA,SITTANDY,Eastern,51.Batticaloa,Kalkudah,Eravur Pattu - II,4.Type3,provincial
14256,ORUMOOLAICHOLAI SRI SITHY VINAYAGAR VIDYALAYA,KOMMATHURAI,Eastern,51.Batticaloa,Kalkudah,Eravur Pattu - II,3.Type2,provincial
14257,UTHAYANMOOLAI VIVEGANANDAH VIDYALAYA,SITTHANDY -04,Eastern,51.Batticaloa,Kalkudah,Eravur Pattu - II,4.Type3,provincial
14258,ILLOKUPOTHTHANAI MALAIMAGAL VIDYALAYAM,SITTANDY,Eastern,51.Batticaloa,Kalkudah,Eravur Pattu - II,4.Type3,provincial
14259,SAVUKKADY BARATHY VIDYALAYAM,SAVUKKADY THANNAMUNAI,Eastern,51.Batticaloa,Batticaloa,Eravur Pattu - I (Chenkalady),3.Type2,provincial
14260,KUIMARAVELIYAR GRAMAM SITHY VINAYAGAR VIDYALAYA,CHENKALADY,Eastern,51.Batticaloa,Kalkudah,Eravur Pattu - II,4.Type3,provincial
14264,VANTHARUMOOLAI KANNAIKI VIDYALAYA,VANTHARUMOOLAI,Eastern,51.Batticaloa,Kalkudah,Eravur Pattu - II,4.Type3,provincial
14265,KAYANMADU G.T.M.S.,"KAYANMADU, KANNANKUDAH",Eastern,51.Batticaloa,Batticaloa West,Manmunai West,3.Type2,provincial
14266,IRUDDUCHOLAIMADU VISHNU VIDYALAYAM,KANNANKUDAH,Eastern,51.Batticaloa,Batticaloa West,Manmunai West,3.Type2,provincial
14267,MADDIKALY TAMIL VIDYALAYAM,BATTICALOA,Eastern,51.Batticaloa,Batticaloa,Manmunai North (Batticaloa),4.Type3,provincial
14268,THIRAIMADU TAMIL VIDYALAYAM,"THIRAIMADU, BATTICALOA",Eastern,51.Batticaloa,Batticaloa,Manmunai North (Batticaloa),4.Type3,provincial
14269,MOHIDEEN VIDYALAYA,"MANCHANTHODUWAI SOUTH, BATTICALOA",Eastern,51.Batticaloa,Batticaloa Central,Kaththankudy,4.Type3,provincial
14271,KARUNKALICHOLAI SRIKRISHNA VIDYALAYAM,"KARUNKALICHOLAI, PETHALAI",Eastern,51.Batticaloa,Kalkudah,Koralai Pattu,4.Type3,provincial
14273,VINAYAGAPURAM VINAYAGAR VIDYALAYA,"VINAYAGARPURAM, VALAICHENAI",Eastern,51.Batticaloa,Kalkudah,Koralai Pattu,3.Type2,provincial
14274,KORALANKERNY THIRUMAKAL VIDYALAYAM,KORALANKERNY MURAKKADDANCHENAI,Eastern,51.Batticaloa,Kalkudah,Koralai Pattu,4.Type3,provincial
14275,PARANGIYAMADU BHARATHY VIDYALAYAM,PARANGIYAMADU KIRAN,Eastern,51.Batticaloa,Kalkudah,Koralai Pattu,4.Type3,provincial
14276,MURUKANTHEEVU SIVASAKTHI VIDYDLAYAM,KINNAIYADY VALAICHENAI,Eastern,51.Batticaloa,Kalkudah,Koralai Pattu,3.Type2,provincial
14277,PULIPAINTHAKAL G.T.M.S.,KIRAN,Eastern,51.Batticaloa,Kalkudah,Koralai Pattu,3.Type2,provincial
14278,KUDUMBIMALAI KUMARAN VIDYALAYAM,KUDUMBIMALAI KIRAN,Eastern,51.Batticaloa,Kalkudah,Koralai Pattu,4.Type3,provincial
14279,THARAVAI SRI KALAIVANI VIDYALAYAM,THARAVAI,Eastern,51.Batticaloa,Kalkudah,Koralai Pattu,4.Type3,provincial
14280,SIRUTHENKAL SITHTHYVINAYAGAR VIDYALAYAM,KIRAN,Eastern,51.Batticaloa,Kalkudah,Koralai Pattu,4.Type3,provincial
14281,MURUTHANAI SRI MURUGAN VIDYALAYA,MURUTHANAI KIRAN,Eastern,51.Batticaloa,Kalkudah,Koralai Pattu,4.Type3,provincial
14282,VADAMUNAI G.T.M.S.,VADAMUNAI KIRAN,Eastern,51.Batticaloa,Kalkudah,Koralai Pattu,3.Type2,provincial
14283,KALUTHAVALAI VIPULANANTHA VIDYALAYAM,"SRI MURUKAN KOVIL ROAD, KALUTHAVALAI-05",Eastern,51.Batticaloa,Paddrippu,Manmunai South & Eruvil Pattu,4.Type3,provincial
14284,THURAINEELAVANAI VIPULANANDA VIDYALAYAM,THURAINEELAVANAI-08,Eastern,51.Batticaloa,Paddrippu,Manmunai South & Eruvil Pattu,4.Type3,provincial
14285,ODDAMAVADY FATHIMA BALIKA MAHA VIDYALAYA,"MPCS ROAD, ODDAMAVADY 02",Eastern,51.Batticaloa,Batticaloa Central,Koralai Pattu West,1.1AB,provincial
14286,MAVADICHENAL AL-IQBAL VIDYALAYAM,VALAICHENAI,Eastern,51.Batticaloa,Batticaloa Central,Koralai Pattu West,4.Type3,provincial
14287,MANCHOLAI AL HIRA VIDYALAYA,MANCHOLAI MEERAVODAI,Eastern,51.Batticaloa,Batticaloa Central,Koralai Pattu West,4.Type3,provincial
14288,RETHITHENNA IQRAH VIDYALAYAM,PUNANI,Eastern,51.Batticaloa,Batticaloa Central,Koralai Pattu West,2.1C,provincial
14289,KERNY NAGAR MADEENA VIDYALAYAM,VAHANERY,Eastern,51.Batticaloa,Batticaloa Central,Koralai Pattu West,3.Type2,provincial
14290,BRAINTHURAICHENAI SATHULIYA VIDYALAYA,"PANSALA ROAD, BRAINTHURAICHENAI, VAALAICHENAI",Eastern,51.Batticaloa,Batticaloa Central,Koralai Pattu West,3.Type2,provincial
14292,MAVETKUDA VIGNESWARA VIDYALAYAM,THIRUPALUGAMAM,Eastern,51.Batticaloa,Paddrippu,Porativu Pattu,4.Type3,provincial
14293,ANVER VIDYALAYA,"HOSTEL ROAD, NWE KATTHANKUDY",Eastern,51.Batticaloa,Batticaloa Central,Kaththankudy,4.Type3,provincial
14294,KATTANKUDY HAIRATH VIDYALAYA,"DEEN ROAD, KATTANKUDY",Eastern,51.Batticaloa,Batticaloa Central,Kaththankudy,4.Type3,provincial
14295,FIRTHOUS VIDYALAYAM,KATTANKUDY,Eastern,51.Batticaloa,Batticaloa Central,Kaththankudy,4.Type3,provincial
14296,AL-HASANATH VIDYALAYA,KATTANKUDY,Eastern,51.Batticaloa,Batticaloa Central,Kaththankudy,4.Type3,provincial
14297,IYENERNY HISBULLAH VIDYALAYAM,ERAVUR,Eastern,51.Batticaloa,Batticaloa Central,Eravur Town,4.Type3,provincial
14298,MYLANKARACHCHI MALAIMAGAL VIDYALAYAM,"MYLANKARACHCHI, VAGANERI",Eastern,51.Batticaloa,Kalkudah,Koralai Pattu,3.Type2,provincial
14300,PALAMUNAI ASHRAFF VIDYALAYAM,PALAMUNAI - ARAYAMPATHY,Eastern,51.Batticaloa,Batticaloa Central,Kaththankudy,3.Type2,provincial
14301,ARAYAMPATHI SIVAMANI VIDYALAYAM,"OLD KALMUNAI ROAD, ARAYAMPATHI 03",Eastern,51.Batticaloa,Batticaloa,Manmunai Pattu,4.Type3,provincial
14302,KANKEYANODAI IQRAH VIDYALAYAM,"KANKEYANODAI - 12, ARAYAMPATHY",Eastern,51.Batticaloa,Batticaloa Central,Kaththankudy,4.Type3,provincial
14303,PULAVARMANI PERIYA THAMBIPPILLAI VIDYALAYAM,"CURCH ROAD, KALUTHAVALAI-03",Eastern,51.Batticaloa,Paddrippu,Manmunai South & Eruvil Pattu,4.Type3,provincial
14304,KANNAKIPURAM VINAYAGAR VIDYALAYAM,"MAHILOOR, KALUWANCHIKUDY",Eastern,51.Batticaloa,Paddrippu,Manmunai South & Eruvil Pattu,3.Type2,provincial
14305,PALACHOLAI VIPULANANDAH VIDYALAYA,VANTHARUMOOLAI,Eastern,51.Batticaloa,Kalkudah,Eravur Pattu - II,4.Type3,provincial
14306,BADURIYANAGAR AL-MINA VIDYALAYA,"BADURIYANAGAR, MEERAVODAI",Eastern,51.Batticaloa,Batticaloa Central,Koralai Pattu West,4.Type3,provincial
14307,VALAICHENAI Y AHAMED VIDYALAYA,"JUMMA MOUSQUE ROAD, VALAICHENAI",Eastern,51.Batticaloa,Batticaloa Central,Koralai Pattu West,4.Type3,provincial
14308,JAYANTHIYAYA AHAMED HIRAS VIDYALAYAM,PUNANAI,Eastern,51.Batticaloa,Batticaloa Central,Koralai Pattu West,3.Type2,provincial
14309,PALAKKATTUWETTAI HISBULLAH VIDYALAYA,VAHANERY,Eastern,51.Batticaloa,Batticaloa Central,Koralai Pattu West,4.Type3,provincial
14310,PONDUGALCHENAI GANAPATHY VIDYALAYAM,KIRAN,Eastern,51.Batticaloa,Kalkudah,Koralai Pattu,3.Type2,provincial
14311,KIRAN NEW COLONY SIVA VIDALAYAM,KIRAN,Eastern,51.Batticaloa,Kalkudah,Koralai Pattu,4.Type3,provincial
14312,MYLAMPAVELY VIPULANANDA VIDYALAYAM,THANNAMUNAI,Eastern,51.Batticaloa,Batticaloa,Eravur Pattu - I (Chenkalady),3.Type2,provincial
14313,THAMARAIKERNY ZAHIR MOULANA VIDYALAYAM,ERAVUR,Eastern,51.Batticaloa,Batticaloa Central,Eravur Town,3.Type2,provincial
14314,CHENKALADY VIVEGANANDAH VIDYALAYA,CHENKALADY,Eastern,51.Batticaloa,Kalkudah,Eravur Pattu - II,3.Type2,provincial
14315,SINGARATHOPPU SARASWATHY VIDYALAYA,KALUWANKENRY - 02,Eastern,51.Batticaloa,Kalkudah,Eravur Pattu - II,4.Type3,provincial
14316,KAYANKUDAH KANNAKI VIDYALAYAM,PANKUDAVELY,Eastern,51.Batticaloa,Batticaloa West,Eravur Pattu - III,2.1C,provincial
14317,ERAVUR AL-ASHRAF VIDYALAYA,"HISBULLAH NAGAR, MICHNAGAR, ERAVUR",Eastern,51.Batticaloa,Batticaloa Central,Eravur Town,4.Type3,provincial
14318,IYANKERNY ABDUL CADER VIDYALAYA,"IYANKERNY, ERAVUR",Eastern,51.Batticaloa,Batticaloa Central,Eravur Town,4.Type3,provincial
14319,NAVARETN RAJAH VIDYALAYAM,ARAYAMPATHY EAST ARAYAMPATHY,Eastern,51.Batticaloa,Batticaloa,Manmunai Pattu,4.Type3,provincial
14320,VIDUTHIKKAL GTM SCHOOL,"VIDUTHIKKAL, KOKKADDICHOLAI",Eastern,51.Batticaloa,Batticaloa West,Manmunai South West,4.Type3,provincial
14321,VALKKADDU G.T.M.S.,"VALKKADDU, KOKKADDICHOLAI",Eastern,51.Batticaloa,Batticaloa West,Manmunai South West,4.Type3,provincial
14322,VILANTHODDAM G.T.M.S.,VAKKIYELLA,Eastern,51.Batticaloa,Paddrippu,Porativu Pattu,4.Type3,provincial
14323,THARMAPURAM THARMARETNAM VIDYALAYAM,KIRANKULAM-8 KIRANKULAM,Eastern,51.Batticaloa,Batticaloa,Manmunai Pattu,4.Type3,provincial
14324,KALUTHAVALAI VIVEKANANDA VIDYALAYAM,"BEACH ROAD, KALUTHAVALAI 04",Eastern,51.Batticaloa,Paddrippu,Manmunai South & Eruvil Pattu,4.Type3,provincial
14325,KAKITHANAGAR MILLATH VIDYALAYA,"KAKITHANAGAR, VAHANERI",Eastern,51.Batticaloa,Batticaloa Central,Koralai Pattu West,4.Type3,provincial
14326,KANCHIRANKUDAH KAMADCHI VIDYALAYAM,KANCHIRANKUDAH,Eastern,51.Batticaloa,Batticaloa West,Manmunai West,2.1C,provincial
14327,ASH-SHUHADHA VIDYALAYA,"F.C ROAD, KATTANKUDY 02",Eastern,51.Batticaloa,Batticaloa Central,Kaththankudy,4.Type3,provincial
14328,KALUWANCHIKUDY MARIYAMMAN VIDYALAYAM,"MARIYAMMAN KOVIL ROAD, KALUWANCHIKUDY",Eastern,51.Batticaloa,Paddrippu,Manmunai South & Eruvil Pattu,4.Type3,provincial
14329,THADDUMUNAI MANIKKA VINAYAGAR VIDYALAYAM,VAKARAI,Eastern,51.Batticaloa,Kalkudah,Koralai Pattu North,3.Type2,provincial
14330,MAVALAIYARU KAILEN VIDYALAYAM,MAVALAIYARU,Eastern,51.Batticaloa,Batticaloa West,Eravur Pattu - III,4.Type3,provincial
14331,SRI VELLIMALAIPPILLAYAR G.T.M.S.,"YOUTH FARM, 107/H,THUMBANKENY, THIKKODAI",Eastern,51.Batticaloa,Paddrippu,Porativu Pattu,4.Type3,provincial
14332,KACHCHAKODY SWAMI MALAI VIDYALAYA,"KACHCHAKODY SWAMIMALAI, KOKKADDICHOLAI",Eastern,51.Batticaloa,Batticaloa West,Manmunai South West,4.Type3,provincial
14333,KULUVINAMADU VINAYAGAR VIDYALAYAM,KOKKADDICHOLAI,Eastern,51.Batticaloa,Batticaloa West,Manmunai South West,4.Type3,provincial
14334,KARAVEDDIYARU VIJITHA VIDYALAYAM,KARAVEDDIYARU UNNICHCHAI,Eastern,51.Batticaloa,Batticaloa West,Manmunai West,4.Type3,provincial
14335,MULLAMUNAI MURUGAN VIDYALAYAM,MULLAMUNAI,Eastern,51.Batticaloa,Batticaloa West,Manmunai West,4.Type3,provincial
14336,RALODAI VALLUVAR VIDYALAYAM,MANKERNY,Eastern,51.Batticaloa,Kalkudah,Koralai Pattu North,4.Type3,provincial
14337,KOKUWIL TAMIL VIDYALAYAM,"KOKUWIL, MANKERNY",Eastern,51.Batticaloa,Kalkudah,Koralai Pattu North,4.Type3,provincial
14338,ERAVUR AMEER ALI VIDYALAYA,"HITHYATH NAGAR, ERAVUR",Eastern,51.Batticaloa,Batticaloa Central,Eravur Town,4.Type3,provincial
14339,MANCHANTHUDUVAI AMEER ALI VIDYALAYA,"NEW HILURIYA ROAD, MANCHANTHODUWAI, BATTICALOA",Eastern,51.Batticaloa,Batticaloa Central,Kaththankudy,4.Type3,provincial
14420,AYISHA MAHALIR MAHA VIDYALAYA,VALAICHENAI,Eastern,51.Batticaloa,Batticaloa Central,Koralai Pattu West,2.1C,provincial
14422,MUNAIKADU SARATHA VIDYALAYAM,MUNAIKADU NORTH,Eastern,51.Batticaloa,Batticaloa West,Manmunai South West,4.Type3,provincial
14423,MUTHALAIKUDAH JUNIOR SCHOOL,"MUTHALAIKUDAH, KOKKADDICHOLAI",Eastern,51.Batticaloa,Batticaloa West,Manmunai South West,4.Type3,provincial
14424,KATHIRAVELY VIGNESWARA JUNIOR SCHOOL,"TRINCO ROAD, KATHIRAVELY",Eastern,51.Batticaloa,Kalkudah,Koralai Pattu North,4.Type3,provincial
14425,OMADIYAMADU VELAMUGAN VIDYALAYAM,PUNANAI,Eastern,51.Batticaloa,Kalkudah,Koralai Pattu North,4.Type3,provincial
14426,PETHALAI CHANDRAKANTHAN VIDYALAYAM,"PETHALAI, VALAICHENAI",Eastern,51.Batticaloa,Kalkudah,Koralai Pattu,4.Type3,provincial
14427,AKKURANAI BHARATHY VIDYALAYA,KIRAN,Eastern,51.Batticaloa,Kalkudah,Koralai Pattu,3.Type2,provincial
14428,NEDIYAMADU G.T.M.S.,KALUWANKERNY - 01,Eastern,51.Batticaloa,Kalkudah,Eravur Pattu - II,4.Type3,provincial
14429,KARUWAKERNY VIGNESWARA JUNIOR SCHOOL,"KARUWAKERNY, VALAICHENAI",Eastern,51.Batticaloa,Kalkudah,Koralai Pattu,4.Type3,provincial
14430,SANTHIVELY SITHY VINAYAGAR JUNIOR SCHOOL,SANTHYVELY,Eastern,51.Batticaloa,Kalkudah,Koralai Pattu,4.Type3,provincial
14431,KANNANKUDAH KANNAKI VIDYALAYAM,KANNANKUDAH,Eastern,51.Batticaloa,Batticaloa West,Manmunai West,4.Type3,provincial
14432,MAHILAVADDAWAN KANTHAPODY VIDYALAYAM,MAHILAVADDAWAN,Eastern,51.Batticaloa,Batticaloa West,Manmunai West,4.Type3,provincial
14433,KARADIYANARU HINDU VIDYALAYAM,KARADIYANARU,Eastern,51.Batticaloa,Batticaloa West,Eravur Pattu - III,4.Type3,provincial
14434,AMPILANTHURAI JUNIOR SCHOOL,AMPILANTHURAI,Eastern,51.Batticaloa,Batticaloa West,Manmunai South West,4.Type3,provincial
14435,KUDIYIRUPPU KANISTA VIDYALAYAM,ARUMUKATHAN KUDIYIRUPPU THANNAMUNAI,Eastern,51.Batticaloa,Batticaloa,Eravur Pattu - I (Chenkalady),4.Type3,provincial
14436,ODDAMAVADI SHAREEF ALI VIDYALAYAM,ODDAMAVADI - 02,Eastern,51.Batticaloa,Batticaloa Central,Koralai Pattu West,4.Type3,provincial
14437,MEERAVODAI UTHUMAN VIDYALAYAM,"SCHOOL ROAD, MEERAVODAI, ODDAMAVADI",Eastern,51.Batticaloa,Batticaloa Central,Koralai Pattu West,4.Type3,provincial
14438,RUGAM SUBAIR HAJIYAR VIDYALAYA,"PUTHUR, RUGAM",Eastern,51.Batticaloa,Batticaloa Central,Eravur Town,3.Type2,provincial
14439,KATTANKUDY FATHIMA BALIKA VIDYALAYA,"BEACH ROAD, KATTANKUDY",Eastern,51.Batticaloa,Batticaloa Central,Kaththankudy,4.Type3,provincial
14440,JAMIULLAFIREEN VIDYALAYAM,KATTANKUDY,Eastern,51.Batticaloa,Batticaloa Central,Kaththankudy,4.Type3,provincial
14441,THURAINEELAVANAI SITHI VINAYAGAR VIDYALAYAM,THURAINEELAVANAI 05,Eastern,51.Batticaloa,Paddrippu,Manmunai South & Eruvil Pattu,4.Type3,provincial
14442,BASHEER SEGUDAWOOD VIDYALAYA,"MEERAKERNY, ERAVUR",Eastern,51.Batticaloa,Batticaloa Central,Eravur Town,4.Type3,provincial
14443,KURUMANVELY KANISTA VIDYALAYAM,"KURUMANVELY - 11, KALUWANCHIKUDY",Eastern,51.Batticaloa,Paddrippu,Manmunai South & Eruvil Pattu,4.Type3,provincial
14444,KALUTHAWALAI VIGNESHWARA VIDYALAYAM,KALUTHAWALAI - 01,Eastern,51.Batticaloa,Paddrippu,Manmunai South & Eruvil Pattu,4.Type3,provincial
14445,ODDAMAVADI DHARUL ULOOM VIDYALAYA,"JUMMAH MOSQUE ROAD, ODDAMAVADI-02",Eastern,51.Batticaloa,Batticaloa Central,Koralai Pattu West,4.Type3,provincial
14446,VALAICHENAI HAIRATH VIDYALAYAM,"HAIRATH 4TH CROSS, VALAICHENAI-05",Eastern,51.Batticaloa,Batticaloa Central,Koralai Pattu West,4.Type3,provincial
14447,ODDAMAVADI ZAHIRA VIDYALAYA,"HUTHA MASJITH ROAD, ODDAMAVADI 01",Eastern,51.Batticaloa,Batticaloa Central,Koralai Pattu West,4.Type3,provincial
14448,DR.BADIUDIN MAHMOOD VIDYALAYA,"THAIKKA ROAD, ERAVUR 01",Eastern,51.Batticaloa,Batticaloa Central,Eravur Town,4.Type3,provincial
14449,NAVATKADU NAMAGAL KANISTA VIDYALAYA,NAVATKADU,Eastern,51.Batticaloa,Batticaloa West,Manmunai West,4.Type3,provincial
14450,NAVALADY KANISHTA VIDYALAYA,NAVALADY BATTICALOA,Eastern,51.Batticaloa,Batticaloa,Manmunai North (Batticaloa),3.Type2,provincial
14451,KALASOORI VINAYAKAMOORTHY VIDYALAYA,"PALARSENAI, PANKUDAWELY",Eastern,51.Batticaloa,Batticaloa West,Eravur Pattu - III,4.Type3,provincial
14452,SWAMI AJARATMANANDAJI VIDYALAYA,PANKUDAVELY,Eastern,51.Batticaloa,Batticaloa West,Eravur Pattu - III,4.Type3,provincial
14453,DHARUSSALAM VIDYALAYAM,KATTANKUDY,Eastern,51.Batticaloa,Batticaloa Central,Kaththankudy,4.Type3,provincial
14454,KIRANKULAM VISHNU VIDYALAYA,KIRANKULAM,Eastern,51.Batticaloa,Batticaloa,Manmunai Pattu,4.Type3,provincial
14455,SIR RAZIK FAREED VIDYALAYAM,"SIHARAM JUMMAH MOSQUE ROAD, SIHARAM, ARAYAMPATHY.",Eastern,51.Batticaloa,Batticaloa Central,Kaththankudy,4.Type3,provincial
14456,SWAMI ATHMAGANANANTHA V.,"KARADIYANKULAM, KARADIYANARU",Eastern,51.Batticaloa,Batticaloa West,Eravur Pattu - III,4.Type3,provincial
14457,VALAICHENAI HINDU JUNIOR SCHOOL,"KALKUDAH ROAD, VALAICHENAI",Eastern,51.Batticaloa,Kalkudah,Koralai Pattu,4.Type3,provincial
14458,SURAVANAIYADIYUTTU VINAYAKAR VIDYALAYAM,"SURAVANAIYADIYUTTU, THUMPANKERNY, PERIYAPORATHIVU",Eastern,51.Batticaloa,Paddrippu,Porativu Pattu,4.Type3,provincial
14459,MOHAIDEEN ABDUL CADAR VIDYALAYAM,"ARAFA JUMMAH MOSQUE, THANDIYADI, THIYAWATTAWAN",Eastern,51.Batticaloa,Batticaloa Central,Koralai Pattu West,4.Type3,provincial
14460,U.L. DAWOOD VIDYALAYAM,"193A, SAKKATH VILLAGE, MEERAKARNY, ERAVUR",Eastern,51.Batticaloa,Batticaloa Central,Eravur Town,4.Type3,provincial
14461,SRI SEELALANKARA SINHALA VIDYALAYA,"SRI VIVEKARAMAYA, WELLAWADIYA, KALKUDAH",Eastern,51.Batticaloa,Kalkudah,Koralai Pattu,3.Type2,provincial
15001,KEPPETIPOLA SECONDARY SCHOOL,MAHAOYA,Eastern,52.Ampara,Mahaoya,Mahaoya,1.1AB,provincial
15003,TEMPITIYA VIDYALAYA,TEMPITIYA MAHAOYA,Eastern,52.Ampara,Mahaoya,Mahaoya,3.Type2,provincial
15004,SERANKADA MAHA VIDYALAYA,SERANKADA,Eastern,52.Ampara,Mahaoya,Padiyatalawa,2.1C,provincial
15005,UNUWATHURABUBULA VIDYALAYA,UNUWATHURABUBULA MAHAOYA,Eastern,52.Ampara,Mahaoya,Mahaoya,3.Type2,provincial
15006,GALODE VIDYALAYA,GALODE PADIYATHALAWA,Eastern,52.Ampara,Mahaoya,Padiyatalawa,3.Type2,provincial
15007,KOMANA VIDYALAYA,DORAKUMBURA PADIYATHALAWA,Eastern,52.Ampara,Mahaoya,Padiyatalawa,3.Type2,provincial
15008,MIRISWATHTHA MAHA VIDYALAYA,KOLAMANTHALAWA PADIYATHALAWA,Eastern,52.Ampara,Mahaoya,Padiyatalawa,2.1C,provincial
15009,HARASGALA VIDYALAYA,HARASGALA MAHAOYA,Eastern,52.Ampara,Mahaoya,Mahaoya,3.Type2,provincial
15010,IDDAPOLA VIDYALAYA,IDDAPOLA MAHAOYA,Eastern,52.Ampara,Mahaoya,Mahaoya,3.Type2,provincial
15011,KEHELULLA VIDAYALAYA,KEHELULLA PADIYATHALAWA,Eastern,52.Ampara,Mahaoya,Padiyatalawa,3.Type2,provincial
15012,KUDAHARASGALA SECONDARY SCHOOL,KUDAHARASGALA MAHAOYA,Eastern,52.Ampara,Mahaoya,Mahaoya,2.1C,provincial
15013,NILOBA VIDYALAYA,NILOBA MAHAOYA,Eastern,52.Ampara,Mahaoya,Mahaoya,3.Type2,provincial
15014,PALLEGAMA VIDYALAYA,SERANKADA PADIYATHALAWA,Eastern,52.Ampara,Mahaoya,Padiyatalawa,4.Type3,provincial
15015,BEDIREKKA VIDYALAYA,BEDIREKKA MAHAOYA,Eastern,52.Ampara,Mahaoya,Mahaoya,3.Type2,provincial
15016,MARANGALA VIDYALAYA,DORAKUMBURA MARANGALA PADIYATHALAWA,Eastern,52.Ampara,Mahaoya,Padiyatalawa,3.Type2,provincial
15017,HOLIKE VIDYALAYA,HOLIKE PADIYATHALAWA,Eastern,52.Ampara,Mahaoya,Padiyatalawa,3.Type2,provincial
15018,MAHINDA RAJAPAKSHA VIDYALAYA,ARANTHALAWA MANGALAGAMA,Eastern,52.Ampara,Mahaoya,Mahaoya,4.Type3,provincial
15020,DAMBADENIYA VIDYALAYA,DAMBADENIYA MAHAOYA,Eastern,52.Ampara,Mahaoya,Mahaoya,3.Type2,provincial
15021,DEMODARA VIDYALAYA,SARANAGAMA PADIYATHALAWA,Eastern,52.Ampara,Mahaoya,Padiyatalawa,4.Type3,provincial
15022,POLLEBEDDA VIDYALAYA,POLLEBEDDA MAHAOYA,Eastern,52.Ampara,Mahaoya,Mahaoya,3.Type2,provincial
15023,WARAPITIYA VIDYALAYA,KEKIRIHENA MAHAOYA,Eastern,52.Ampara,Mahaoya,Mahaoya,2.1C,provincial
15024,ELLEGODA VIDAYALAYA,ELLEGODA MAHAOYA,Eastern,52.Ampara,Mahaoya,Mahaoya,4.Type3,provincial
15025,BOGAMUYAYA VIDYALAYA,BOGAMUYAYA MAHAOYA,Eastern,52.Ampara,Mahaoya,Mahaoya,4.Type3,provincial
15026,BORAPOLA MAHA VIDYALAYA,BORAPOLA MAHAOYA,Eastern,52.Ampara,Mahaoya,Mahaoya,2.1C,provincial
15027,WELIKUMBURA VIDYALAYA,KIRAWANA PADIYATHALAWA,Eastern,52.Ampara,Mahaoya,Padiyatalawa,4.Type3,provincial
15028,KOTIKEWELAVIDYALAYA,KOTIKEWELA SERANKADA,Eastern,52.Ampara,Mahaoya,Padiyatalawa,4.Type3,provincial
15030,POOLAWALA VIDYALAYA,POOLAWALA TEMPITIYA MAHAOYA,Eastern,52.Ampara,Mahaoya,Mahaoya,4.Type3,provincial
15031,NUWARAGALATHENNA MAHA VIDYALAYA,MANGALAGAMA MAHAOYA,Eastern,52.Ampara,Mahaoya,Mahaoya,2.1C,provincial
15032,MANGALARAMA MAHA VIDYALAYA,AMPARA,Eastern,52.Ampara,Ampara,Uhana,2.1C,provincial
15033,RAJAGALATHENNA MAHA VIDYALAYA,RAJAGALATHENNA,Eastern,52.Ampara,Ampara,Uhana,1.1AB,provincial
15034,MALWATHTHA THISSAPURA MAHA VIDYALAYA,"THISSAPURA, DADAYAMTHALAWA",Eastern,52.Ampara,Ampara,Uhana,2.1C,provincial
15035,WERENKETAGODA MAHA VIDYALAYA,WERENKETAGODA,Eastern,52.Ampara,Ampara,Uhana,2.1C,provincial
15036,GALAPITAGALA MAHA VIDYALAYA,GALAPITAGALA,Eastern,52.Ampara,Ampara,Uhana,2.1C,provincial
15038,SENAGAMA MAHA VIDYALAYA,WERENKETAGODA,Eastern,52.Ampara,Ampara,Uhana,2.1C,provincial
15039,VIJAYAPURA VIDYALAYA,"VIJAYAPURA, DADAYANTHALAWA",Eastern,52.Ampara,Ampara,Uhana,3.Type2,provincial
15040,KUMARIGAMA MAHA VIDYALAYA,"KUMARIGAMA, UHANA",Eastern,52.Ampara,Ampara,Uhana,3.Type2,provincial
15041,GALAHITIYAGODA MAHA VIDYALAYA,UHANA,Eastern,52.Ampara,Ampara,Uhana,2.1C,provincial
15042,UHANA THISSAPURA VIDYALAYA,UHANA,Eastern,52.Ampara,Ampara,Uhana,3.Type2,provincial
15043,SIYAMBALAWEWA VIDYALAYA,SIYAMBALAWEWA,Eastern,52.Ampara,Ampara,Uhana,3.Type2,provincial
15044,HIMIDURAWA VIDYALAYA,UHANA,Eastern,52.Ampara,Ampara,Uhana,3.Type2,provincial
15045,UDAYAPURA VIDYALAYA,DIGAMADULLA-WEERAGODA,Eastern,52.Ampara,Ampara,Uhana,3.Type2,provincial
15046,DEMATAMALPELESSA VIDYALAYA,UHANA,Eastern,52.Ampara,Ampara,Uhana,3.Type2,provincial
15047,NUGELANDA VIDYALAYA,"NUGELANDA, RAJAGALATHENNA",Eastern,52.Ampara,Ampara,Uhana,3.Type2,provincial
15048,MAYADUNNA VIDYALAYA,GONAGOLLA,Eastern,52.Ampara,Ampara,Uhana,3.Type2,provincial
15049,RAJAGAMA VIDYALAYA,"RAJAGAMA, DIGAMADULLA, WEERAGODA",Eastern,52.Ampara,Ampara,Uhana,3.Type2,provincial
15050,WEERAGODA VIDYALAYA,DADAYANTHALAWA,Eastern,52.Ampara,Ampara,Uhana,3.Type2,provincial
15051,WEHERAGAMA VIDYALAYA,"WEHERAGAMA, CENTRAL CAMP",Eastern,52.Ampara,Ampara,Uhana,4.Type3,provincial
15052,SUHADAGAMA VIDYALAYA,DIGA/WEERAGODA,Eastern,52.Ampara,Ampara,Uhana,3.Type2,provincial
15053,NAWAGIRIYAWA VIDYALAYA,GONAGOLLA,Eastern,52.Ampara,Ampara,Uhana,3.Type2,provincial
15054,BANDARADUWA VIDYALAYA,GONAGOLLA,Eastern,52.Ampara,Ampara,Uhana,3.Type2,provincial
15055,RUHUNUGAMA VIDYALAYA,"DADAYANTHALAWA, AMPARA",Eastern,52.Ampara,Ampara,Uhana,3.Type2,provincial
15056,GONAGALA VIDYALAYA,GALAPITAGALA,Eastern,52.Ampara,Ampara,Uhana,3.Type2,provincial
15057,WALAGAMPURA VIDYALAYA,"WALAGAMPURA, WERANKETAGODA",Eastern,52.Ampara,Ampara,Uhana,3.Type2,provincial
15058,KAHATAGASYAYA VIDYALAYA,"NAMALOYA, AMPARA",Eastern,52.Ampara,Ampara,Uhana,3.Type2,provincial
15059,UDAYAGIRIYA VIDYALAYA,UHANA,Eastern,52.Ampara,Ampara,Uhana,3.Type2,provincial
15060,VIDYALOKA VIDYALAYA,WERENKETAGODA,Eastern,52.Ampara,Ampara,Uhana,3.Type2,provincial
15061,UHANA KANITU VIDYALAYA,UHANA,Eastern,52.Ampara,Ampara,Uhana,4.Type3,provincial
15062,KOTHMALE VIDYALAYA,WERANKETAGODA,Eastern,52.Ampara,Ampara,Uhana,4.Type3,provincial
15063,SRI SUMANGALA VIDYALAYA,"DIGAMADULLA, WEERAGODA",Eastern,52.Ampara,Ampara,Uhana,4.Type3,provincial
15064,MAHAKANDIYA VIDYALAYA,"MAHAKANDIYA, UHANA",Eastern,52.Ampara,Ampara,Uhana,4.Type3,provincial
15065,DIVULANA VIDYALAYA,"PIYANGALA, RAJAGALATHENNA",Eastern,52.Ampara,Ampara,Uhana,3.Type2,provincial
15066,WEWSIRIGAMA VIDYALAYA,"PAHALALANDA, AMPARA",Eastern,52.Ampara,Ampara,Damana,4.Type3,provincial
15068,DAMANA MAHA VIDYALAYA,DAMANA,Eastern,52.Ampara,Ampara,Damana,2.1C,provincial
15069,AMPARA SADDHATHISSA MAHA VIDYALAYA,AMPARA,Eastern,52.Ampara,Ampara,Ampara,1.1AB,provincial
15070,AMPARA KAWANTHISSA MAHA VIDYALAYA,AMPARA,Eastern,52.Ampara,Ampara,Ampara,2.1C,provincial
15071,AMBAGAHAWELLA MAHA VIDYALAYA,PARAGAHAKALE,Eastern,52.Ampara,Ampara,Ampara,3.Type2,provincial
15072,UKSIRIPURA VIDYALAYA,"MUWANGALA, HINGURANA",Eastern,52.Ampara,Ampara,Damana,3.Type2,provincial
15073,KEENAWATHTHA VIDYALAYA,"VILLAGE 09, KEENAWATHTHA, HINGURANA",Eastern,52.Ampara,Ampara,Damana,3.Type2,provincial
15074,AMPARA GAMINI MAHA VIDYALAYA,AMPARA,Eastern,52.Ampara,Ampara,Ampara,2.1C,provincial
15075,NAMALOYA VIDYALAYA,"NAMALOYA, AMPARA",Eastern,52.Ampara,Ampara,Ampara,3.Type2,provincial
15076,NAMALTHALAWA MAHA VIDYALAYA,"NAMALOYA, AMPARA",Eastern,52.Ampara,Ampara,Ampara,2.1C,provincial
15077,PARAGAHAKALE MAHA VIDYALAYA,PARAGAHAKALE,Eastern,52.Ampara,Ampara,Ampara,2.1C,provincial
15078,PADAGODA VIDYALAYA,"PAHALALANDA, AMPARA",Eastern,52.Ampara,Ampara,Damana,3.Type2,provincial
15079,POLWATHTHA MAHA VIDYALAYA,POLWAGA JANAPADAYA,Eastern,52.Ampara,Ampara,Ampara,2.1C,provincial
15081,MUWANGALA MAHA VIDYALAYA,"MUWANGALA, HINGURANA",Eastern,52.Ampara,Ampara,Damana,2.1C,provincial
15082,MORAGAHAPALLAMA VIDYALAYA,"MORAGAHAPALLAMA, AMPARA",Eastern,52.Ampara,Ampara,Damana,3.Type2,provincial
15083,WAWINNA VIDYALAYA,"WAWINNA, PARAGAHAKALE",Eastern,52.Ampara,Ampara,Ampara,3.Type2,provincial
15084,WELUSUMANA VIDYALAYA,"NAMALOYA, AMPARA",Eastern,52.Ampara,Ampara,Ampara,3.Type2,provincial
15085,HINGURANA MAHA VIDYALAYA,HINGURANA,Eastern,52.Ampara,Ampara,Damana,2.1C,provincial
15086,KARANGAWA JANARAJA VIDYALAYA,AMPARA,Eastern,52.Ampara,Ampara,Ampara,3.Type2,provincial
15087,HEGODA SRI INDRASARA VIDYALAYA,"MIHINDUPURA, AMPARA",Eastern,52.Ampara,Ampara,Ampara,3.Type2,provincial
15089,PARACKRAMA VIDYALAYA,"INGINIYAGALA ROAD, AMPARA",Eastern,52.Ampara,Ampara,Ampara,4.Type3,provincial
15090,KOTAWEHERA VIDYALAYA,PARAGAHAKALE,Eastern,52.Ampara,Ampara,Ampara,3.Type2,provincial
15091,SIDDARTHA VIDYALAYA,"PERANIGAMA, HINGURANA",Eastern,52.Ampara,Ampara,Damana,4.Type3,provincial
15092,SEEWALI VIDYALAYA,"MORAGAHAPALLAMA, AMPARA",Eastern,52.Ampara,Ampara,Damana,3.Type2,provincial
15093,KOKNAHARA MAHA VIDYALAYA,"KOKNAHARA, AMPARA",Eastern,52.Ampara,Ampara,Damana,2.1C,provincial
15094,HINDAKALUGAMA VIDYALAYA,"PAHALALANDA, AMPARA",Eastern,52.Ampara,Ampara,Damana,4.Type3,provincial
15095,KOSSAPOLA VIDYALAYA,"PARAGAHAKALE, AMPARA",Eastern,52.Ampara,Ampara,Ampara,4.Type3,provincial
15096,SADDHATHISSA PRIMARY SCHOOL,"NAWAGAMPURA, AMPARA",Eastern,52.Ampara,Ampara,Ampara,4.Type3,provincial
15097,KIULEGAMA MAHA VIDYALAYA,"WADINAGALA, AMPARA",Eastern,52.Ampara,Ampara,Damana,2.1C,provincial
15098,THOTTAMA VIDYALAYA,"THOTTAMA, MAHANAGAPURA, AMPARA",Eastern,52.Ampara,Ampara,Damana,4.Type3,provincial
15099,DEVALAHINDA VIDYALAYA,"DEVALAHINDA, AMPARA",Eastern,52.Ampara,Ampara,Damana,3.Type2,provincial
15100,PANNALGAMA VIDYALAYA,"PANNALGAMA, AMPARA",Eastern,52.Ampara,Ampara,Damana,3.Type2,provincial
15101,MADAWALALANDA MAHA VIDYALAYA,"MADAWALALANDA, AMPARA",Eastern,52.Ampara,Ampara,Damana,1.1AB,provincial
15102,MANTHOTTAMA MAHA VIDYALAYA,"MAHANAGAPURA, AMPARA",Eastern,52.Ampara,Ampara,Damana,2.1C,provincial
15103,WADINAGALA VIDYALAYA,"WADINAGALA, AMPARA",Eastern,52.Ampara,Ampara,Damana,3.Type2,provincial
15104,WEHERAGALA VIDYALAYA,"19 A,JANAPADAYA MAHANAGAPURA",Eastern,52.Ampara,Ampara,Damana,4.Type3,provincial
15105,EKGALOYA VIDYALAYA,"EKGALOYA, DAMANA",Eastern,52.Ampara,Ampara,Damana,4.Type3,provincial
15106,GALKANDA VIDYALAYA,"DEWALAHINDA, AMPARA",Eastern,52.Ampara,Ampara,Damana,4.Type3,provincial
15107,KOKNAHARA KANISHTA VIDYALAYA,"KETHSIRIGAMA, KOKNAHARA, AMPARA",Eastern,52.Ampara,Ampara,Damana,4.Type3,provincial
15108,THIMBIRIGOLLA VIDYALAYA,"THIMBIRIGOLLA, MADAWALALANDA, AMPARA",Eastern,52.Ampara,Ampara,Damana,3.Type2,provincial
15109,ALUTH ELA VIDYALAYA,DEWALAHINDA,Eastern,52.Ampara,Ampara,Damana,4.Type3,provincial
15110,HELAGAMPURA VIDYALAYA,"HELAGAMPURA, HINGURANA",Eastern,52.Ampara,Ampara,Damana,4.Type3,provincial
15111,ABHAYAPURA VIDYALAYA,"PARAGAHAKALE, AMPARA",Eastern,52.Ampara,Ampara,Uhana,3.Type2,provincial
15112,PANAMA MAHA VIDYALAYA,PANAMA,Eastern,52.Ampara,Ampara,Lahugala,2.1C,provincial
15113,LAHUGALA MAHA VIDYALAYA,LAHUGALA,Eastern,52.Ampara,Ampara,Lahugala,2.1C,provincial
15114,SRI DHAMMARATHNA SINHALA VIDYALAYA,AKKARAPATHTHU,Eastern,52.Ampara,Ampara,Damana,3.Type2,provincial
15115,POTHUVIL SINHALA VIDYALAYA,POTTUVIL,Eastern,52.Ampara,Ampara,Lahugala,3.Type2,provincial
15116,BAKMITIYAWA VIDYALAYA,"BAKMITIYAWA, AMPARA",Eastern,52.Ampara,Ampara,Damana,3.Type2,provincial
15118,NEETHTHA VIDYALAYA,"MADAWALALANDA, AMPARA",Eastern,52.Ampara,Ampara,Damana,3.Type2,provincial
15119,PARANAGOVIPALA PRIMARY SCHOOL,LAHUGALA,Eastern,52.Ampara,Ampara,Lahugala,4.Type3,provincial
15120,MEDAGAMA M.V.,NAWAMEDAGAMA,Eastern,52.Ampara,Dehiattakandiya,Dehiattakandiya,1.1AB,provincial
15121,IHALAGAMA V.,NAWAMEDAGAMA,Eastern,52.Ampara,Dehiattakandiya,Dehiattakandiya,3.Type2,provincial
15122,SADAMADULLA V.,DAMANEWELA,Eastern,52.Ampara,Dehiattakandiya,Dehiattakandiya,2.1C,provincial
15123,HENANIGALA NORTH VIDYALAYA,NAWA MEDAGAMA,Eastern,52.Ampara,Dehiattakandiya,Dehiattakandiya,3.Type2,provincial
15124,LIHINIYAGAMA V.,DAMANEWELA,Eastern,52.Ampara,Dehiattakandiya,Dehiattakandiya,2.1C,provincial
15125,MAWANAGAMA V.,DEHIATTAKANDIYA,Eastern,52.Ampara,Dehiattakandiya,Dehiattakandiya,3.Type2,provincial
15126,DIYAVIDDAGAMA V.,NAWAMEDAGAMA,Eastern,52.Ampara,Dehiattakandiya,Dehiattakandiya,3.Type2,provincial
15127,UTTALAPURA P.V.,DAMANEWELA,Eastern,52.Ampara,Dehiattakandiya,Dehiattakandiya,4.Type3,provincial
15128,BAMBARAWANA V.,MAWANAGAMA,Eastern,52.Ampara,Dehiattakandiya,Dehiattakandiya,3.Type2,provincial
15129,HENANIGALA SOUTH VIDYALAYA,NAWA MEDAGAMA,Eastern,52.Ampara,Dehiattakandiya,Dehiattakandiya,3.Type2,provincial
15130,PARANAGAMA V.,NAWAMEDAGAMA,Eastern,52.Ampara,Dehiattakandiya,Dehiattakandiya,3.Type2,provincial
15131,WEBADAGAMA V.,DAMANEWELA,Eastern,52.Ampara,Dehiattakandiya,Dehiattakandiya,3.Type2,provincial
15132,NAGASTHALAWA P.V.,DAMANEWELA,Eastern,52.Ampara,Dehiattakandiya,Dehiattakandiya,4.Type3,provincial
15133,PAHALAGAMA P.V.,NAWAMEDAGAMA,Eastern,52.Ampara,Dehiattakandiya,Dehiattakandiya,4.Type3,provincial
15134,KELEGAMA V.,NAWAMEDAGAMA,Eastern,52.Ampara,Dehiattakandiya,Dehiattakandiya,3.Type2,provincial
15135,KUDAGAMA V.,NAWAMEDAGAMA,Eastern,52.Ampara,Dehiattakandiya,Dehiattakandiya,3.Type2,provincial
15136,SALPITIGAMA V.,DAMANEWELA,Eastern,52.Ampara,Dehiattakandiya,Dehiattakandiya,3.Type2,provincial
15137,VIJAYAPURA P.V.,DAMANEWELA,Eastern,52.Ampara,Dehiattakandiya,Dehiattakandiya,4.Type3,provincial
15138,SERUPITIYA P.V.,DAMANEWELA,Eastern,52.Ampara,Dehiattakandiya,Dehiattakandiya,4.Type3,provincial
15139,WEWAGAMA V.,NAWAMEDAGAMA,Eastern,52.Ampara,Dehiattakandiya,Dehiattakandiya,3.Type2,provincial
15140,LATHPADURA P.V.,DEHIATTAKANDIYA,Eastern,52.Ampara,Dehiattakandiya,Dehiattakandiya,4.Type3,provincial
15141,MUWAGAMMANA P.V.,DEHIATTAKANDIYA,Eastern,52.Ampara,Dehiattakandiya,Dehiattakandiya,4.Type3,provincial
15142,SANDUNPURA V.,DEHIATTAKANDIYA,Eastern,52.Ampara,Dehiattakandiya,Dehiattakandiya,1.1AB,provincial
15143,MURUTHAGASPITIYA V.,DEHIATTAKANDIYA,Eastern,52.Ampara,Dehiattakandiya,Dehiattakandiya,3.Type2,provincial
15144,NAGASWEWA P.V.,DEHIATTAKANDIYA,Eastern,52.Ampara,Dehiattakandiya,Dehiattakandiya,4.Type3,provincial
15145,RANHELAGAMA P.V.,DEHIATTAKANDIYA,Eastern,52.Ampara,Dehiattakandiya,Dehiattakandiya,4.Type3,provincial
15146,NAMALGAMA P.V.,SIRIPURA,Eastern,52.Ampara,Dehiattakandiya,Dehiattakandiya,4.Type3,provincial
15147,HUNGAMALAGAMA V.,DEHIATTAKANDIYA,Eastern,52.Ampara,Dehiattakandiya,Dehiattakandiya,3.Type2,provincial
15148,WEWMEDAGAMA P.V.,NAWA MEDAGAMA,Eastern,52.Ampara,Dehiattakandiya,Dehiattakandiya,4.Type3,provincial
15150,BAKMEEDENIYA V.,DEHIATTAKANDIYA,Eastern,52.Ampara,Dehiattakandiya,Dehiattakandiya,2.1C,provincial
15153,RATHMALKANDURA V.,SIRIPURA,Eastern,52.Ampara,Dehiattakandiya,Dehiattakandiya,3.Type2,provincial
15156,WAHAWA PRIMARY COLLEGE,WAHAWA DORAKUMBURA PADIYATHALAWA,Eastern,52.Ampara,Mahaoya,Padiyatalawa,4.Type3,provincial
15157,PUSSALAWINNA P.V.,MAWANAGAMA,Eastern,52.Ampara,Dehiattakandiya,Dehiattakandiya,4.Type3,provincial
15162,AS-SIRAJ MAHA VIDYALAYA,CHALAMBAIKERNY,Eastern,52.Ampara,Sammanthurai,Navithanveli,2.1C,provincial
15163,AL-AQSHA VIDYALAYA,"NAINAKADU, SAMMANTHURAI",Eastern,52.Ampara,Sammanthurai,Sammanthurai,3.Type2,provincial
15164,MAJEEDPURA VIDYALAYAM,"MAJEEDPURAM, MALWATTE 03",Eastern,52.Ampara,Sammanthurai,Sammanthurai,2.1C,provincial
15165,MALLIKAITHIVU GOVT. TAMIL MIXED SCHOOL,"MALLIKAITHIVU, MALWATTE",Eastern,52.Ampara,Sammanthurai,Sammanthurai,4.Type3,provincial
15166,AL-THAJUN VIDYALAYAM,"UNIT-06, SORIKALMUNAI-03, SAMMANTHURAI",Eastern,52.Ampara,Sammanthurai,Navithanveli,3.Type2,provincial
15167,PUTHUNAGAR G.T.M.S.,"PUTHUNAGAR, MALWATTE",Eastern,52.Ampara,Sammanthurai,Sammanthurai,4.Type3,provincial
15168,NAVITHANVELI ANNAMALAI MAHA VIDYALAYAM,NAVITHANVELI,Eastern,52.Ampara,Sammanthurai,Navithanveli,1.1AB,provincial
15170,DHARUL ULOOM VIDYALAYAM,"GRAND MOSQUE ROAD, SAMMANTHURAI",Eastern,52.Ampara,Sammanthurai,Sammanthurai,4.Type3,provincial
15171,CHAWALAKKADAI VINAYAGAR VIDYALAYAM,CHAWALAKKADAI,Eastern,52.Ampara,Sammanthurai,Navithanveli,4.Type3,provincial
15172,SRI KORAKKAR TAMIL MAHA VIDYALAYAM,"KORAKKAR ROAD, SAMMANTHURAI",Eastern,52.Ampara,Sammanthurai,Sammanthurai,2.1C,provincial
15173,MALKAMPITTY G.M.M.S.,"SENNAL GRAMAM-02, SAMMANTHURAI",Eastern,52.Ampara,Sammanthurai,Sammanthurai,4.Type3,provincial
15174,VIPULANANDA MAHA VIDYALAYAM,"MAIN STREET, MALWATTAI-01",Eastern,52.Ampara,Sammanthurai,Sammanthurai,1.1AB,provincial
15175,GANESHA VIDYALAYAM,"07TH, VILLAGE, CHAVALADAI",Eastern,52.Ampara,Sammanthurai,Navithanveli,3.Type2,provincial
15176,VIVEKANANDA MAHA VIDYALAYAM,"UNIT 15, NAVITHANVELI 02",Eastern,52.Ampara,Sammanthurai,Navithanveli,2.1C,provincial
15177,RANAMADU HINDU M.V.,CENTRAL CAMP 05,Eastern,52.Ampara,Sammanthurai,Navithanveli,2.1C,provincial
15178,SAMMANTHURAI AL-MUNEER VIDYALAYA,SAMMANTHURAI,Eastern,52.Ampara,Sammanthurai,Sammanthurai,3.Type2,provincial
15179,SAMMANTHURAI DHARUSSALAM MAHA VIDYALAYA,"MALKAMPITTY ROAD, SAMMANTHURAI",Eastern,52.Ampara,Sammanthurai,Sammanthurai,2.1C,provincial
15180,SAMMANTHURAI MUSLIM MAHALIR VIDYALAYA,"1ST CROSS STREET, SAMMANTHURAI",Eastern,52.Ampara,Sammanthurai,Sammanthurai,4.Type3,provincial
15181,HOLY CROSS MAHA VIDYALAYAM,"SORIKKALMUNAI 01, SAMMANTHURAI",Eastern,52.Ampara,Sammanthurai,Navithanveli,2.1C,provincial
15182,VALATHAPITTY G.T.M.S.,"VALATHAPITTY, MALWATTA",Eastern,52.Ampara,Sammanthurai,Sammanthurai,3.Type2,provincial
15183,VEERACHOLAI G.T.M.S.,"VEERACHOLAI, SORIKKALMUNAI 02",Eastern,52.Ampara,Sammanthurai,Navithanveli,3.Type2,provincial
15184,VEERAMUNAI RAMA KRISHNA MAHA VIDYALAYAM,"VEERAMUNAI, SAMMANTHURAI",Eastern,52.Ampara,Sammanthurai,Sammanthurai,2.1C,provincial
15185,VEERATHIDAL AL HIDAYA MAHA VIDYALAYAM,"CHAWALAKKADE, KALMUNAI",Eastern,52.Ampara,Sammanthurai,Navithanveli,2.1C,provincial
15186,VEPPAYADITHODDAM VANI MAHA VIDYALAYAM,"UNIT 04, CENTRAL CAMP",Eastern,52.Ampara,Sammanthurai,Navithanveli,2.1C,provincial
15187,SENNEL ZAHIRA MAHA VIDYALAYA,"SENNEL GIRAMAM 01, SAMMANTHURAI",Eastern,52.Ampara,Sammanthurai,Sammanthurai,2.1C,provincial
15188,SAMMANTHURAI AL-ARSATH MAHA VIDYALAYAM,"MALAYADI GIRAMAM-03, SAMMANTHURAI",Eastern,52.Ampara,Sammanthurai,Sammanthurai,2.1C,provincial
15189,CENTRAL CAMP GOVT. MUSLIM.SCHOOL,CENTRAL CAMP,Eastern,52.Ampara,Sammanthurai,Navithanveli,2.1C,provincial
15190,GAZZALY MUSLIM VIDYALAYA,"KALLARICHAL-03, SAMMANTHURAI",Eastern,52.Ampara,Sammanthurai,Sammanthurai,3.Type2,provincial
15191,AL-HAMRA VIDYALAYA,"SENNEL GRAMAM 1, SAMMANTHURAI",Eastern,52.Ampara,Sammanthurai,Sammanthurai,4.Type3,provincial
15192,AL-AMEER VIDYALAYAM,"TAMIL DIVISION 01, ALAWAKKARA ROAD, SAMMANTHURAI",Eastern,52.Ampara,Sammanthurai,Sammanthurai,3.Type2,provincial
15193,AL-MATHEENA VIDYALAYA,"HIJRA 5TH LANE, SAMMANTHURAI",Eastern,52.Ampara,Sammanthurai,Sammanthurai,4.Type3,provincial
15194,AETHALAKULAM G.M.M.S.,"KALLARICHAL-02, SAMMANTHURAI",Eastern,52.Ampara,Sammanthurai,Sammanthurai,4.Type3,provincial
15195,HIJRA MUSLIM VIDYALAYA,"SENNEL GIRAMEM 02, SAMMANTHURAI",Eastern,52.Ampara,Sammanthurai,Sammanthurai,3.Type2,provincial
15196,SAMMANTHURAI AL-AZHAR VIDYALAYAM,KAIKADYADI SAMMANTHURAI,Eastern,52.Ampara,Sammanthurai,Sammanthurai,3.Type2,provincial
15197,ARAFA VIDYALAYA,SAMMANTHURAI,Eastern,52.Ampara,Sammanthurai,Sammanthurai,4.Type3,provincial
15198,AS SAMA VIDYALAYA,MALAYADI GRAMMAM-04 SAMMANTHURAI,Eastern,52.Ampara,Sammanthurai,Sammanthurai,3.Type2,provincial
15199,JAMALIYA VIDYALAYA,"AMPARAI ROAD, SAMMANTHURAI",Eastern,52.Ampara,Sammanthurai,Sammanthurai,3.Type2,provincial
15201,KALMUNAI WESLEY HIGH SCHOOL,"MAIN STREET, KALMUNAI",Eastern,52.Ampara,Kalmunai,Kalmunai Tamil,1.1AB,provincial
15204,MARUTHAMUNAI AL-MANAR CENTRAL COLLEGE,"MAIN STEERT, MARUTHAMUNAI",Eastern,52.Ampara,Kalmunai,Kalmunai,1.1AB,provincial
15205,MARUTHAMUNAI SHAMS CENTRAL COLLEGE,"NOORANIYA ROAD, MARUTHAMUNAI-04",Eastern,52.Ampara,Kalmunai,Kalmunai,1.1AB,provincial
15206,PANDIRUPPU MAHA VIDYALAYAM,"PANDIRUPPU, KALMUNAI",Eastern,52.Ampara,Kalmunai,Kalmunai Tamil,2.1C,provincial
15207,NATPIDDIMUNAI AL-AKSHA MADHYA MAHA VIDYALAYA,"NATPIDDIMUNAI, KALMUNAI",Eastern,52.Ampara,Kalmunai,Kalmunai,1.1AB,provincial
15208,RAMA KRISHNA MAHA VIDYALAYAM,RKM ROAD KALMUNAI,Eastern,52.Ampara,Kalmunai,Kalmunai Tamil,2.1C,provincial
15209,PERIYANEELAVANAI VISHNU MAHA VIDAYALAYA,"MAIN STREET, PERIYANEELAVANAI-02",Eastern,52.Ampara,Kalmunai,Kalmunai Tamil,2.1C,provincial
15210,PULAVARMANI SHARIFUDEEN MAHA VIDYALAYA,"PERIYANEELAVANAI, MARUTHAMUNAI",Eastern,52.Ampara,Kalmunai,Kalmunai,2.1C,provincial
15211,MARUTHAMUNAI AL-HAMBRA VIDYALAYA,"AL-HAMBRA ROAD, MARUTHAMUNAI",Eastern,52.Ampara,Kalmunai,Kalmunai,3.Type2,provincial
15212,AL-MINAN VIDYALAYA,CHETTIYAR ROAD PANDIRUPPU 1 KALMUNAI,Eastern,52.Ampara,Kalmunai,Kalmunai,4.Type3,provincial
15213,PANDIRUPPU NAVALAR VIDYALAYAM,PANDIRUPPU-01,Eastern,52.Ampara,Kalmunai,Kalmunai Tamil,3.Type2,provincial
15214,SIVASAKTHI MAHA VIDYALAYAM,NATPIDDIMUNAI,Eastern,52.Ampara,Kalmunai,Kalmunai Tamil,2.1C,provincial
15215,CHENAIKUDIRUPPU GANESHA MAHA VIDYALAYAM,CHENAIKUDIRUPPU KALMUNAI,Eastern,52.Ampara,Kalmunai,Kalmunai Tamil,2.1C,provincial
15216,SRIMAMANGA VIDYALAYAM,KALMUNAI,Eastern,52.Ampara,Kalmunai,Kalmunai Tamil,3.Type2,provincial
15217,VIVEKANANDA TAMIL VIDYALAYA,"KOVIL ROAD, KALMUNAI-03",Eastern,52.Ampara,Kalmunai,Kalmunai Tamil,4.Type3,provincial
15218,KALMUNAI BAHRIYA M.V.,"K.K.P.ROAD, KALMUNAI",Eastern,52.Ampara,Kalmunai,Kalmunai,2.1C,provincial
15219,KALMUNAI AL-AZHAR VIDYALAYA,"MOSQUE ROAD, KALMUNAI",Eastern,52.Ampara,Kalmunai,Kalmunai,3.Type2,provincial
15220,AZZUHARA VIDYALAYA,"MATHRASA ROAD, KALMUNAIKUDY - 9",Eastern,52.Ampara,Kalmunai,Kalmunai,4.Type3,provincial
15221,AL-MISBAH MAHA VIDYALAYA,"ALIYAR ROAD, KALMUNAI",Eastern,52.Ampara,Kalmunai,Kalmunai,2.1C,provincial
15222,AL-JALAL VIDYALAYA,MAVADY ROAD SAINTHAMARUTHU 04,Eastern,52.Ampara,Kalmunai,Sainthamaruthu,2.1C,provincial
15223,AL-KAMAROON VIDYALAYA,"1068, MAIN STREET, SAINTHAMARUTHU-1",Eastern,52.Ampara,Kalmunai,Sainthamaruthu,4.Type3,provincial
15224,GOVERNMENT MUSLIM MIXED SCHOOL,"G.M.M.S. ROAD, SAINTHAMARUTHU",Eastern,52.Ampara,Kalmunai,Sainthamaruthu,4.Type3,provincial
15225,RIYALUL JANNAH VIDYALAYA,"BEACH ROAD, SAINTHAMARUTHU - 10",Eastern,52.Ampara,Kalmunai,Sainthamaruthu,4.Type3,provincial
15226,SAINTHAMARUTHU MALHARUSH SHAMS MAHA VIDYALAYA,"MAIN STREET, SAINTHAMARUTHU - 161",Eastern,52.Ampara,Kalmunai,Sainthamaruthu,2.1C,provincial
15227,SAINTHAMARUTHU AL-HILAL VIDYALAYA,"MAIN STREET, SAINTHAMARUTHU",Eastern,52.Ampara,Kalmunai,Sainthamaruthu,3.Type2,provincial
15228,SARASWATHY VIDYALAYAM,"PERIYANEELAVANAI - 01B, KALMUNAI",Eastern,52.Ampara,Kalmunai,Kalmunai Tamil,4.Type3,provincial
15229,THURAIVANTHIYAMEDU G.T.M.SCHOOL,"THURAIVANTHIYAMEDU, CHENAIKUDIYIRUPPU, KALMUNAI",Eastern,52.Ampara,Kalmunai,Kalmunai Tamil,4.Type3,provincial
15230,ISLAMABATH MUSLIM VIDYALAYA,KALMUNAI,Eastern,52.Ampara,Kalmunai,Kalmunai,2.1C,provincial
15232,AKKARAIPATTU AYESHA MUSLIM LADIES COLLEGE,"MUDALIYAR ROAD, AKKARAIATTU-03",Eastern,52.Ampara,Akkaraipattu,Akkaraipattu,1.1AB,provincial
15234,FAYIZA MAHA VIDYALAYA,"PALLIKUDIYIRUPPU, AKKARAIPATTU",Eastern,52.Ampara,Akkaraipattu,Akkaraipattu,2.1C,provincial
15235,VARIPATHANCHENAI AL AMEEN MAHA VIDYALAYAM,IRAKKAMAM,Eastern,52.Ampara,Sammanthurai,Irakkamam,1.1AB,provincial
15236,MUNAWWARA JUNIOR COLLEGE,AKKARAIPATTU,Eastern,52.Ampara,Akkaraipattu,Akkaraipattu,3.Type2,provincial
15237,GOVT.MUSLIM BOYS VIDYALAYA,"MUDALIYAR ROAD, AKKARAIATTU-17",Eastern,52.Ampara,Akkaraipattu,Akkaraipattu,3.Type2,provincial
15239,HIJRA VIDYALAYA,"FLOOD PROTECTION ROAD, AKKARAIPATTU",Eastern,52.Ampara,Akkaraipattu,Akkaraipattu,4.Type3,provincial
15240,AKKARAIPATTU AL-HITHAYA VIDYALAYA,"AMPARA ROAD, AKKARAIPATTU",Eastern,52.Ampara,Akkaraipattu,Akkaraipattu,3.Type2,provincial
15241,AR.RAHEEMIYA VIDYALAYA,"PADDIYADIITTY, AKKARAIPATTU",Eastern,52.Ampara,Akkaraipattu,Akkaraipattu,3.Type2,provincial
15242,KARADIKKULAM RAHMANIYA VIDYALAYA,"AALAMKULAM, ADDALACHENAI-17",Eastern,52.Ampara,Akkaraipattu,Addalachchenai,3.Type2,provincial
15243,ILUKKUCHCHENAI GOVT.MUSLIM MIXED SCHOOL,"10A WANGAMAM, IRAKKAMAM",Eastern,52.Ampara,Sammanthurai,Irakkamam,3.Type2,provincial
15244,ISSANKANICHEMAI AL-KAMAR VIDYALAYA,"AALAMKULA ROAD, ISSANKANICHEMAI, AKKARAIATTU",Eastern,52.Ampara,Akkaraipattu,Akkaraipattu,3.Type2,provincial
15245,KUDUVIL AL-HIRA VIDYALAYAM,"KUDUVIL, IRAKKAMAM-07",Eastern,52.Ampara,Sammanthurai,Irakkamam,3.Type2,provincial
15246,IRAKKAMAM MANIKKAMADU G.T.M.S.,IRAKKAMAM - 07,Eastern,52.Ampara,Sammanthurai,Irakkamam,3.Type2,provincial
15247,AS-SHIFAYA VIDYALAYA,"AALIM NAGAR, AKKARAIPATTU",Eastern,52.Ampara,Akkaraipattu,Akkaraipattu,3.Type2,provincial
15249,AL-MUNEERA GIRL'S HIGH SCHOOL,ADDALAICHENAI,Eastern,52.Ampara,Akkaraipattu,Addalachchenai,1.1AB,provincial
15250,ADDALAICHENAI ARAFA VIDYALAYA,ADDALAICHENAI 01,Eastern,52.Ampara,Akkaraipattu,Addalachchenai,3.Type2,provincial
15251,ZAHRA VIDYALAYA,"THAIKANAGAR, ADDALAICHENAI",Eastern,52.Ampara,Akkaraipattu,Addalachchenai,3.Type2,provincial
15252,AN-NOOR MAHA VIDYALAYA,ADDALAICHENAI,Eastern,52.Ampara,Akkaraipattu,Addalachchenai,2.1C,provincial
15253,AL-ARHAM VIDYALAYA,ADDALAICHENAI,Eastern,52.Ampara,Akkaraipattu,Addalachchenai,3.Type2,provincial
15254,DR.JALALDEEN VIDYALAYA,ADDALAICHENAI-09,Eastern,52.Ampara,Akkaraipattu,Addalachchenai,4.Type3,provincial
15255,MULLAITHEEVU AL-JAZEERA VIDYALAYA,"MEELAD NAGAR, ADDALAICHENAI-05",Eastern,52.Ampara,Akkaraipattu,Addalachchenai,4.Type3,provincial
15256,KATHIRIYA VIDYALAYA,"KATHIRIYA BEACH ROAD, AKKARAIPATTU",Eastern,52.Ampara,Akkaraipattu,Akkaraipattu,4.Type3,provincial
15257,SAMSUL ULOOM VIDYALAYA,"MURAWODAI, AKKARAIPATTU",Eastern,52.Ampara,Akkaraipattu,Akkaraipattu,4.Type3,provincial
15258,AKKARAIPATTU ZAHIRA VIDYALAYA,"UNION ROAD, AKKARAIPATTU",Eastern,52.Ampara,Akkaraipattu,Akkaraipattu,3.Type2,provincial
15259,AL-FATHIMIYA VIDYALAYA,"AL-FATHIMIYA ROAD, AKKARAIPATTU - 01.",Eastern,52.Ampara,Akkaraipattu,Akkaraipattu,3.Type2,provincial
15260,AKKARAIPATTU AS-SIRAJ MAHA VIDYALAYA,"EAST ROAD, AKKARAIPATTU",Eastern,52.Ampara,Akkaraipattu,Akkaraipattu,1.1AB,provincial
15261,ILUKKUCHENAI AL-HUDHA VIDYALAYA,"7TH MILE POST, ILUKKUCHENAI, AKKARAIPATTU.",Eastern,52.Ampara,Akkaraipattu,Akkaraipattu,4.Type3,provincial
15262,AL-BADUR VIDYALAYA,"TOWN DIVISION-05, BADUR NAGAR, AKKARAIPATTU",Eastern,52.Ampara,Akkaraipattu,Akkaraipattu,3.Type2,provincial
15263,AMBALATHARU SEGU SIKKANTHAR OLIULLAH VIDYALAYA,"AMBALATHARU, AKKARAIATTU",Eastern,52.Ampara,Akkaraipattu,Akkaraipattu,3.Type2,provincial
15264,VIPULANANDA CENTRAL COLLEGE,KARAITIVU 04 (E.P),Eastern,52.Ampara,Kalmunai,Karaithivu,1.1AB,provincial
15266,OLUVIL AL-HAMRA MAHA VIDYALAYA,"LIGHT HOUSE ROAD, OLUVIL",Eastern,52.Ampara,Akkaraipattu,Addalachchenai,1.1AB,provincial
15267,MINHAJ MAHA VIDYALAYAM,PALAMUNAI - 04,Eastern,52.Ampara,Akkaraipattu,Addalachchenai,1.1AB,provincial
15268,NINTAVUR AL-MAZHAR GIRLS HIGH SCHOOL,NINTAVUR,Eastern,52.Ampara,Kalmunai,Ninthavur,1.1AB,provincial
15269,SHANMUGA MAHA VIDYALAYA,KARAITIVU-11 E.P,Eastern,52.Ampara,Kalmunai,Karaithivu,2.1C,provincial
15270,RKM GIRLS VIDYALAYA,KARAITIVU-05,Eastern,52.Ampara,Kalmunai,Karaithivu,3.Type2,provincial
15271,R.K.M. BOYS SCHOOL,"BOYS'S SCHOOL ROAD, KARAITIVU",Eastern,52.Ampara,Kalmunai,Karaithivu,4.Type3,provincial
15272,AS-SAFA VIDYALAYAM,"142, 1ST CROSS ROAD NINTAVUR",Eastern,52.Ampara,Kalmunai,Ninthavur,4.Type3,provincial
15273,KANNAHI HINDU VIDYALAYAM,"KOVALAN ROAD, KARAITIVU - 01",Eastern,52.Ampara,Kalmunai,Karaithivu,4.Type3,provincial
15274,VISHNU VIDYALAYA,"VISHNU VIDYALAYA ROAD, KARAITIVU - 07.",Eastern,52.Ampara,Kalmunai,Karaithivu,4.Type3,provincial
15275,VIGNESWARA VIDYALAYA,KARAITIVU-08,Eastern,52.Ampara,Kalmunai,Karaithivu,4.Type3,provincial
15276,AL-ASHRAFF MAHA VIDYALAYA,"MAVADIPPALLE, KARAITIVU (EP)",Eastern,52.Ampara,Kalmunai,Karaithivu,3.Type2,provincial
15277,AL-MATHEENA MAHA VIDYALAYAM,NINTAVUR,Eastern,52.Ampara,Kalmunai,Ninthavur,2.1C,provincial
15278,AL-MASLAM VIDYALAYA,NINTAVUR,Eastern,52.Ampara,Kalmunai,Ninthavur,4.Type3,provincial
15279,IMAM GAZZALY VIDYALAYA,NINTAVUR - 11,Eastern,52.Ampara,Kalmunai,Ninthavur,2.1C,provincial
15280,IMAM ROOMI VIDYALAYA,NINTAVUR-2,Eastern,52.Ampara,Kalmunai,Ninthavur,4.Type3,provincial
15281,AL-HIDAYA LADIES COLLEGE,"MAIN STREET , PALAMUNAI",Eastern,52.Ampara,Akkaraipattu,Addalachchenai,2.1C,provincial
15282,AL-HIKMA VIDYALAYA,"SINNAP PALAMUNAI,PALAMUNAI",Eastern,52.Ampara,Akkaraipattu,Addalachchenai,3.Type2,provincial
15283,AL-JAISHA VIDYALAYA,ANSARY MOSQUE ROAD OLUVIL-07,Eastern,52.Ampara,Akkaraipattu,Addalachchenai,3.Type2,provincial
15284,AL-AZHAR VIDYALAYA,OLUVIL-04,Eastern,52.Ampara,Akkaraipattu,Addalachchenai,4.Type3,provincial
15285,ADDAPPALLAM VINAYAGAR VIDYALAYA,"ADDAPPALLAM, NITAVUR - 10",Eastern,52.Ampara,Kalmunai,Ninthavur,3.Type2,provincial
15286,THIRAIKKENY G.T.M.S.,PALAMUNAI - 06,Eastern,52.Ampara,Thirukkovil,Alayadivembu,3.Type2,provincial
15287,NINTAVUR ARAFA VIDYALAYA,APC ROAD NINTAVUR 06,Eastern,52.Ampara,Kalmunai,Ninthavur,3.Type2,provincial
15288,SAFEENA MUSLIM VIDYALAYA,"SAFEENA SCHOOL ROAD, MALIGAIKADU WEST",Eastern,52.Ampara,Kalmunai,Karaithivu,3.Type2,provincial
15289,AL-MINA VIDYALAYA,"SCHOOL ROAD, NINTHAVUR",Eastern,52.Ampara,Kalmunai,Ninthavur,3.Type2,provincial
15293,KOLAVIL VINAYAGAR MAHA VIDYALAYAM,"KOLAVIL, AKKARAIPATTU",Eastern,52.Ampara,Thirukkovil,Alayadivembu,2.1C,provincial
15294,KOMARI METHODIST MISSION TAMIL MAHA VIDYALAYAM,PANAMAIPATTU KOMARI,Eastern,52.Ampara,Thirukkovil,Pottuvil - II (Tamil),2.1C,provincial
15295,POTTUVIL METHODIST T.M.V.,KUNDUMADU POTTUVIL,Eastern,52.Ampara,Thirukkovil,Pottuvil - II (Tamil),1.1AB,provincial
15296,VINAYAGAPURAM MAHA VIDYALAYAM,VINAYAGAPURAM-02 THIRUKKOVIL,Eastern,52.Ampara,Thirukkovil,Thirukkovil,1.1AB,provincial
15297,AL-ISHRAQ MAHA VIDYALAYA,"PASARADICHANAI, POTTUVIL-19",Eastern,52.Ampara,Akkaraipattu,Pottuvil - I,2.1C,provincial
15298,THIRUNAVUKKARASU VIDYALAYAM,"ALAYADIVEMBU, AKKARAIPATTU",Eastern,52.Ampara,Thirukkovil,Alayadivembu,3.Type2,provincial
15299,VIVEKANANDA VIDYALAYAM,SAGAMA ROAD AKKARAIPATTU,Eastern,52.Ampara,Thirukkovil,Alayadivembu,4.Type3,provincial
15300,KOLAVIL PERUNAVALAR VIDYALAYAM,"SAGAMA ROAD, KOLAVIL - 03, AKKARAIPATTU",Eastern,52.Ampara,Thirukkovil,Alayadivembu,4.Type3,provincial
15301,PASUPATHESWARA VIDYALAYAM,"PANANKADU, AKKARAIPATTU",Eastern,52.Ampara,Thirukkovil,Alayadivembu,3.Type2,provincial
15302,ST. SAVIER VIDYALAYAM,"THEWAGIRAMA, ALIGAMBAI, AKKARAIPATTU",Eastern,52.Ampara,Thirukkovil,Alayadivembu,3.Type2,provincial
15303,KANNAKI VIDYALAYAM,"KANNAKIPURAM - 01, AKKARAIPATTU",Eastern,52.Ampara,Thirukkovil,Alayadivembu,2.1C,provincial
15304,ST. JOHN VIDYALAYAM,SINNAMUKATHTHUVARAM POTTUVIL ROAD AKKARAIPATTU 09,Eastern,52.Ampara,Thirukkovil,Alayadivembu,3.Type2,provincial
15305,SIR RAZICK FAREED VIDYALAYA,AKKARAIPATTU,Eastern,52.Ampara,Akkaraipattu,Akkaraipattu,4.Type3,provincial
15306,THIRUKKOVIL KUMARA VIDYALAYA,"COURT ROAD, THIRUKKOVIL",Eastern,52.Ampara,Thirukkovil,Thirukkovil,4.Type3,provincial
15307,THIRUKKOVIL METHODIST MISSION TAMIL M.V.,"BEACH ROAD, THIRUKKOVIL",Eastern,52.Ampara,Thirukkovil,Thirukkovil,1.1AB,provincial
15308,VISHVATHULASHI VIDYALAYAM,MAIN ROAD THIRUKKOVIL 03,Eastern,52.Ampara,Thirukkovil,Thirukkovil,4.Type3,provincial
15309,KANCHIRANKUDA G.T.M.S.,"KANCHIRANKUDA, THIRUKKOVIL",Eastern,52.Ampara,Thirukkovil,Thirukkovil,4.Type3,provincial
15310,THANDIYADI VIGNESWARA M.V.,"THANDIYADY, KOMARI",Eastern,52.Ampara,Thirukkovil,Pottuvil - II (Tamil),2.1C,provincial
15311,SEMMANPULAI GANESHA VIDYALAYAM,THAMPADDAI -02 THAMBLUVIL,Eastern,52.Ampara,Thirukkovil,Alayadivembu,4.Type3,provincial
15312,THAMPADDAI MAHA VIDYALAYAM,"THAMPADDAI, THAMBILUVIL",Eastern,52.Ampara,Thirukkovil,Alayadivembu,2.1C,provincial
15313,THAMBILUVIL SARASWATHY VIDYALAYAM,THAMBILUVIL - 1,Eastern,52.Ampara,Thirukkovil,Thirukkovil,3.Type2,provincial
15314,THAMBILUVIL KALAIMAHAL VIDYALAYAM,THAMBILUVIL,Eastern,52.Ampara,Thirukkovil,Thirukkovil,4.Type3,provincial
15315,ARUNOTHAYA VIDYALAYAM,V.C ROAD THAMBILUVIL 2,Eastern,52.Ampara,Thirukkovil,Thirukkovil,4.Type3,provincial
15316,MUNAIYAKKADU G.T.M.S.,THAMBILUVIL 1,Eastern,52.Ampara,Thirukkovil,Thirukkovil,4.Type3,provincial
15317,PANAMA GTM SCHOOL,PANAMA,Eastern,52.Ampara,Thirukkovil,Pottuvil - II (Tamil),3.Type2,provincial
15318,INSPECTOR EATHAM G.T.M.S.,INSPECTOR EATHAM POTTUVIL,Eastern,52.Ampara,Thirukkovil,Pottuvil - II (Tamil),4.Type3,provincial
15319,MINARUL ULOOM VIDYALAYA,POTTUVIL,Eastern,52.Ampara,Akkaraipattu,Pottuvil - I,4.Type3,provincial
15320,AL-IRFAN LADIES COLLEGE,POTTUVIL -01,Eastern,52.Ampara,Akkaraipattu,Pottuvil - I,1.1AB,provincial
15321,AL-AQSA VIDYALAYA,"SINNA ULLAI, POTTUVIL",Eastern,52.Ampara,Akkaraipattu,Pottuvil - I,3.Type2,provincial
15322,THIRUPPATHY G.T.M.S.,THANDIYADI POTTUVIL,Eastern,52.Ampara,Thirukkovil,Pottuvil - II (Tamil),4.Type3,provincial
15323,URANI SARASWATHY VIDYALAYAM,URANI POTTUVIL 25,Eastern,52.Ampara,Thirukkovil,Pottuvil - II (Tamil),2.1C,provincial
15324,THANGAVELAUTHAPURAM G.T.M.S.,THANGAVELAUTHAPURAM THIRUKKOVIL,Eastern,52.Ampara,Thirukkovil,Pottuvil - II (Tamil),4.Type3,provincial
15326,DHARUL FALAH MUSLIM VIDYALAYA,"MATHURANCHENAI, POTTUVIL",Eastern,52.Ampara,Akkaraipattu,Pottuvil - I,4.Type3,provincial
15327,AL-HITHAYA VIDYALAYA,"HITHAYAURAM, POTTUVIL",Eastern,52.Ampara,Akkaraipattu,Pottuvil - I,3.Type2,provincial
15328,HIJRA NAGAR G.M.M. VIDYALAYA,"HITHAYAPURAM-1, POTTUVIL-20",Eastern,52.Ampara,Akkaraipattu,Pottuvil - I,4.Type3,provincial
15329,AL-KALAM MAHA VIDYALAYA,POTTUVIL-16,Eastern,52.Ampara,Akkaraipattu,Pottuvil - I,2.1C,provincial
15330,AL-HUTHA MUSLIM VIDYALAYA,"VICTOR EATATE, POTTUVIL-16",Eastern,52.Ampara,Akkaraipattu,Pottuvil - I,4.Type3,provincial
15331,AL-BAHRIYA VIDYALAYA,"JALALDEEN SQUARE, POTTUVIL-04",Eastern,52.Ampara,Akkaraipattu,Pottuvil - I,3.Type2,provincial
15332,AL-NOORANIYA VIDYALAYA,"SINNAPPUTHUKKUDIRUPPU, POTTUVIL-06",Eastern,52.Ampara,Akkaraipattu,Pottuvil - I,4.Type3,provincial
15333,AL-MUNAWWARA VIDYALAYA,"SINNAPPUTHUKKUDIYIRUPPU, POTTUVIL-06",Eastern,52.Ampara,Akkaraipattu,Pottuvil - I,4.Type3,provincial
15334,DR BADI-UD-DIN MAHMUD VIDYALAYA,"MUNICIAL COUNCIL ROAD, AKKARAIATTU-12",Eastern,52.Ampara,Akkaraipattu,Akkaraipattu,4.Type3,provincial
15336,DUTUGEMUNU VIDYALAYA,DEEGAWAPIYA,Eastern,52.Ampara,Ampara,Damana,4.Type3,provincial
15337,DEEGAWAPI SINHALA VIDYALAYA,DEEGAWAPIYA,Eastern,52.Ampara,Ampara,Damana,2.1C,provincial
15338,HULANNUGE VIDYALAYA,HULANNUGE,Eastern,52.Ampara,Ampara,Lahugala,3.Type2,provincial
15339,AL-JENNA VIDYALAYA,ADDALAICHENAI,Eastern,52.Ampara,Akkaraipattu,Addalachchenai,4.Type3,provincial
15340,TB JAYA VIDYALAYA,ADDALAICHENAI,Eastern,52.Ampara,Akkaraipattu,Addalachchenai,4.Type3,provincial
15341,PALAMUNAI THARUL HASANATH VIDYALAYA,"UTHUMA PURAM, PALAMUNAI",Eastern,52.Ampara,Akkaraipattu,Addalachchenai,4.Type3,provincial
15342,SWAMY VIPULANANDA VIDYALAYA,"MANALCHENAI, KALMUNAI",Eastern,52.Ampara,Kalmunai,Kalmunai Tamil,3.Type2,provincial
15343,AL-HUSSAIN VIDYALAYA,"MALIGAIKADU CENTRAL, KARAITIVU",Eastern,52.Ampara,Kalmunai,Karaithivu,3.Type2,provincial
15344,KORAIKALAPPU SAKTHY VIDYALAYA,VINAYAGAPURAM,Eastern,52.Ampara,Thirukkovil,Thirukkovil,3.Type2,provincial
15345,AL-BADURIYA VIDYALAYA,"RAHMANIYA PURAM, NINTAVUR-06",Eastern,52.Ampara,Kalmunai,Ninthavur,4.Type3,provincial
15346,AS-SAFA VIDYALAYA,"MAJEED PURAM, VARIPATHANCHENAI",Eastern,52.Ampara,Sammanthurai,Irakkamam,3.Type2,provincial
15347,AMEERALIPURAM VIDYALAYAM,"AMEERALIPURAM, IRAKKAMAM-05",Eastern,52.Ampara,Sammanthurai,Irakkamam,3.Type2,provincial
15348,VEPPAYADI KALAIMAGAL VIDYALAYAM,NAVITHANVELI,Eastern,52.Ampara,Sammanthurai,Navithanveli,2.1C,provincial
15349,MAFASA VIDYALAYA,"HIJRA 2ND ROAD, BLOCK""J""EAST-02, SAMMANTHURAI",Eastern,52.Ampara,Sammanthurai,Sammanthurai,4.Type3,provincial
15350,SABOOR VIDYALAYAM,VEERAMUNAI SAMMANTHURAI,Eastern,52.Ampara,Sammanthurai,Sammanthurai,3.Type2,provincial
15351,AL-MANAR MUSLIM VIDYALAYA,"KARUWADDUKAL-03, SAMMANTHURAI",Eastern,52.Ampara,Sammanthurai,Sammanthurai,4.Type3,provincial
15352,KALMUNAI SINHALA VIDYALAYA,KALMUNAI,Eastern,52.Ampara,Ampara,Ampara,3.Type2,provincial
15353,SINHAPURA SINHALA VIDYALAYA,"ULLA, POTTUVIL",Eastern,52.Ampara,Ampara,Lahugala,3.Type2,provincial
15354,WIMALAWANSHA VIDYALAYA,"MUWANGALA, HINGURANA",Eastern,52.Ampara,Ampara,Damana,4.Type3,provincial
15355,WEERANAGAMA VIDYALAYA,WEERANAGAMA PADIYATHALAWA,Eastern,52.Ampara,Mahaoya,Padiyatalawa,4.Type3,provincial
15356,THUWARAGALA P.V.,DEHIATTAKANDIYA,Eastern,52.Ampara,Dehiattakandiya,Dehiattakandiya,4.Type3,provincial
15361,BIHIRISOROWWA V.,MAHAWANAWELA DEHIATTAKANDIYA,Eastern,52.Ampara,Dehiattakandiya,Dehiattakandiya,3.Type2,provincial
15362,KUDAGALA V.,DEHIATTAKANDIYA,Eastern,52.Ampara,Dehiattakandiya,Dehiattakandiya,3.Type2,provincial
15363,MUWAPATIGEWELA V.,MAHAWANAWELA DEHIATTAKANDIYA,Eastern,52.Ampara,Dehiattakandiya,Dehiattakandiya,3.Type2,provincial
15364,SOORIYAPOKUNA V.,DEHIATTAKANDIYA,Eastern,52.Ampara,Dehiattakandiya,Dehiattakandiya,2.1C,provincial
15366,SAMANALATHENNA P.V.,DEHIATTAKANDIYA,Eastern,52.Ampara,Dehiattakandiya,Dehiattakandiya,4.Type3,provincial
15368,DOLAKANDA V.,DEHIATTAKANDIYA,Eastern,52.Ampara,Dehiattakandiya,Dehiattakandiya,2.1C,provincial
15372,LATHUGALA VIDYALAYA,"LATHUGALA, WERANKETAGODA",Eastern,52.Ampara,Ampara,Uhana,4.Type3,provincial
15373,DUDLY SENANAYAKA VIDYALAYA,GONAGOLLA,Eastern,52.Ampara,Ampara,Uhana,4.Type3,provincial
15374,SADDATHISSA VIDYALAYA,THALAPITAOYA SOUTH PADIYATHALAWA,Eastern,52.Ampara,Mahaoya,Padiyatalawa,4.Type3,provincial
15375,KEENATHUMULLA VIDYALAYA,KEENATHUMULLA DORAKUMBURA PADIYATHALAWA,Eastern,52.Ampara,Mahaoya,Padiyatalawa,4.Type3,provincial
15376,RAMA KRISHNA MISSION MAHA VIDYALAYAM,R.K.M.ROAD AKKARAIPATTU-07,Eastern,52.Ampara,Thirukkovil,Alayadivembu,1.1AB,provincial
15377,WANGAMAM ORABI BASHA VIDYALAYAM,IRAKAMAM,Eastern,52.Ampara,Sammanthurai,Irakkamam,3.Type2,provincial
15379,KADIRAPURA P.V.,DEHIATTAKANDIYA,Eastern,52.Ampara,Dehiattakandiya,Dehiattakandiya,4.Type3,provincial
15380,ADDAPPALLAM SAHITHA VIDYALAYA,"CENTRAL ROAD, ADDAPPALLAM, NINTAVUR-23",Eastern,52.Ampara,Kalmunai,Ninthavur,3.Type2,provincial
15381,KANCHIKUDIYARU GANESHA VIDYALAYA,KANCHIKUDIYARU THIRUKKOVIL,Eastern,52.Ampara,Thirukkovil,Thirukkovil,4.Type3,provincial
15382,KANAGARETNAM VIDYALAYAM,MAIN ROAD THAMBILUVIL 1,Eastern,52.Ampara,Thirukkovil,Thirukkovil,3.Type2,provincial
15383,PARAMESWARA VIDYALAYAM,"VINAYAGAPURAM 4, THIRUKKOVIL",Eastern,52.Ampara,Thirukkovil,Thirukkovil,4.Type3,provincial
15384,PARAGASWEWA P.V.,SIRIPURA,Eastern,52.Ampara,Dehiattakandiya,Dehiattakandiya,4.Type3,provincial
15385,CHANDANAGAMA P.V.,DEHIATTAKANDIYA,Eastern,52.Ampara,Dehiattakandiya,Dehiattakandiya,4.Type3,provincial
15388,IQRAH VIDYALAYA,"NOOR MOSQUE ROAD, ADDALAICHENAI-13",Eastern,52.Ampara,Akkaraipattu,Addalachchenai,4.Type3,provincial
15389,HELAKOMANA VIDYALAYA,DORAKUMBUA PADIYATHALAWA,Eastern,52.Ampara,Mahaoya,Padiyatalawa,4.Type3,provincial
15390,SARSWATHY VIDYALAYAM,"UNIT 13, CENTRAL CAMP",Eastern,52.Ampara,Sammanthurai,Navithanveli,4.Type3,provincial
15391,AL-JENEES VIDYALAYAM,MALAYADI GRAMAM-02 SAMMANTHURAI,Eastern,52.Ampara,Sammanthurai,Sammanthurai,4.Type3,provincial
15392,NIYUGUNA SADDATHISSA PRIMARY SCHOOL,"NIYUGUNA, ERAGAMA WEST, AMPARA",Eastern,52.Ampara,Ampara,Damana,4.Type3,provincial
15393,SRI RAHULA PRIMARY SCHOOL,"AMBALANOYA JUNCTION, DAMANA",Eastern,52.Ampara,Ampara,Damana,4.Type3,provincial
15394,AL-ASHRAFF VIDYALAYA,POTTUVIL-15,Eastern,52.Ampara,Akkaraipattu,Pottuvil - I,4.Type3,provincial
15395,AL-ATHAN VIDYALAYA,"MOULANA ROAD, NINTAVUR-4",Eastern,52.Ampara,Kalmunai,Ninthavur,4.Type3,provincial
15396,MAHA VISHNU VIDYALAYAM,"PIPE ROAD, PANDIRUPPU -02",Eastern,52.Ampara,Kalmunai,Kalmunai Tamil,4.Type3,provincial
15397,LAFIR VIDYALAYA,"ASHRAFF GROUND ROAD, NATPIDDIMUNAI, KALMUNAI",Eastern,52.Ampara,Kalmunai,Kalmunai,3.Type2,provincial
15398,AL-ABZAN VIDYALAYA,POTTUVIL,Eastern,52.Ampara,Akkaraipattu,Pottuvil - I,4.Type3,provincial
15399,RIDEE ELA P.V.,DEHIATTAKANDIYA,Eastern,52.Ampara,Dehiattakandiya,Dehiattakandiya,4.Type3,provincial
15400,ANNAMALAI SRI SAKTHI VIDYALAYAM,"ANNAMALAI 01, NAVITHANVELI",Eastern,52.Ampara,Sammanthurai,Navithanveli,4.Type3,provincial
15401,AL-HIRA VIDYALAYAM,"UNIT 04, CENTRAL CAMP",Eastern,52.Ampara,Sammanthurai,Navithanveli,4.Type3,provincial
15404,THAHIRA VIDYALAYA,ISMAILPURAM VALATHAPITTY,Eastern,52.Ampara,Sammanthurai,Sammanthurai,3.Type2,provincial
15405,IRAKKAMAM MATHEENA VIDYALAYAM,"SEQU OLI PURAM, IRAKKAMAM 03",Eastern,52.Ampara,Sammanthurai,Irakkamam,3.Type2,provincial
15406,VIKNESWARA VIDYALAYAM,"KANAPATHIPURAM, MALWATTE-04",Eastern,52.Ampara,Sammanthurai,Sammanthurai,4.Type3,provincial
15407,SRI MURUGAN TAMIL VIDYALAYAM,CENTRAL CAMP,Eastern,52.Ampara,Sammanthurai,Navithanveli,3.Type2,provincial
15408,OLUVIL SOUTH FATHIMA VIDYALAYA,"OLD POST OFFICE ROAD, OLUVIL-07",Eastern,52.Ampara,Akkaraipattu,Addalachchenai,4.Type3,provincial
15409,SENGAMAM AL-MINA VIDYALAYA,"SENGAMAM, POTTUVIL-17",Eastern,52.Ampara,Akkaraipattu,Pottuvil - I,3.Type2,provincial
15410,PALAKKUDA PALAVINAYAGAR VIDYALAYA,VINAYAGAPURAM 03,Eastern,52.Ampara,Thirukkovil,Thirukkovil,4.Type3,provincial
15411,ISMAIL VIDYALAYAM,"BLOCK J WEST 01, SAMMANTHURAI",Eastern,52.Ampara,Sammanthurai,Sammanthurai,4.Type3,provincial
15412,SRI SUBODA P.V.,MAHAWANAWELA DEHIATTAKANDIYA,Eastern,52.Ampara,Dehiattakandiya,Dehiattakandiya,3.Type2,provincial
15413,AL-AQSHA VIDYALAYA,"ASRAF NAGAR, OLUVIL-01",Eastern,52.Ampara,Akkaraipattu,Addalachchenai,4.Type3,provincial
15414,VARIPPATHTANCHENAI AL-AZHAR VIDYALAYAM,"HINGURANA ROAD, VARIPPATHANCHENAI",Eastern,52.Ampara,Sammanthurai,Irakkamam,3.Type2,provincial
15415,AL-MINA VIDYALAYA,"SAMPUNAGAR, ADDALAICHENAI",Eastern,52.Ampara,Akkaraipattu,Addalachchenai,4.Type3,provincial
15416,KANNAHI VIDYALAYAM,CENTRAL CAMP,Eastern,52.Ampara,Sammanthurai,Navithanveli,4.Type3,provincial
15417,SHANMUGA VIDYALAYAM,"KUDIIRUPU MUNAI, NAVITHANVELI",Eastern,52.Ampara,Sammanthurai,Navithanveli,4.Type3,provincial
15418,NAMAGAL VIDYALAYAM,UNIT 07 NAVITHANVELI,Eastern,52.Ampara,Sammanthurai,Navithanveli,4.Type3,provincial
15419,GERMAN FRIENDSHIP PRIMARY SCHOOL,"ARASADITHTHOTTAM, NINTAVUR-9",Eastern,52.Ampara,Kalmunai,Ninthavur,4.Type3,provincial
15420,POTTUVIL HIJRA VIDYALAYA,HIJRA NAGAR POTTUVIL 26,Eastern,52.Ampara,Akkaraipattu,Pottuvil - I,4.Type3,provincial
15421,AL-HIKMA MUSLIM VIDYALAYAM,"CHALAMBAIKENY 05, CHAVALAKKADE, NAVITHANVELI",Eastern,52.Ampara,Sammanthurai,Navithanveli,4.Type3,provincial
15422,MARUTHAMUNAI AL- MADEENA VIDYALAYAM,"MASHOOR MOULANA ROAD, MARUTHAMUNAI - 04",Eastern,52.Ampara,Kalmunai,Kalmunai,3.Type2,provincial
15423,SRI NAVALAR VIDYALAYA,"NEW VALATHAPITTY, MALWATTE",Eastern,52.Ampara,Sammanthurai,Sammanthurai,4.Type3,provincial
15424,AL-ASMAN VIDYALAYAM,"SENNAL GIRAMAM 01, BANGALAWADI, SAMMANTHURAI",Eastern,52.Ampara,Sammanthurai,Sammanthurai,4.Type3,provincial
15425,LEADER M.H.M.ASHRAFF VIDYALAYA,"MALIGA ROAD, SAINTHAMARUTHU-17",Eastern,52.Ampara,Kalmunai,Sainthamaruthu,3.Type2,provincial
15426,UDARA P.V.,NAWA MEDAGAMA,Eastern,52.Ampara,Dehiattakandiya,Dehiattakandiya,4.Type3,provincial
15427,ROYAL JUNIOR COLLEGE,IRAKKAMAM,Eastern,52.Ampara,Sammanthurai,Irakkamam,4.Type3,provincial
15428,M.S.KARIAPPER VIDYALAYA,"BOLIVERIAN VILLAGE, SAINTHAMARUTHU.",Eastern,52.Ampara,Kalmunai,Sainthamaruthu,3.Type2,provincial
15429,GAYATHRI VIDYALAYAM,THIRUKKOVIL,Eastern,52.Ampara,Thirukkovil,Thirukkovil,4.Type3,provincial
15430,DAMUNNARUWA P.V.,DAMANEWELA,Eastern,52.Ampara,Dehiattakandiya,Dehiattakandiya,4.Type3,provincial
15431,KAVIVAANAN M.A. AZEEZ VIDYALAYA,POTTUVIL-05,Eastern,52.Ampara,Akkaraipattu,Pottuvil - I,3.Type2,provincial
15432,MANALCHENAI G.T.M.S.,MANALCHENAI KOMARI,Eastern,52.Ampara,Thirukkovil,Pottuvil - II (Tamil),4.Type3,provincial
15433,ROTTAI G.T.M.S.,ROTTAI KIRAMAM POTTUVIL 26,Eastern,52.Ampara,Thirukkovil,Pottuvil - II (Tamil),4.Type3,provincial
15434,AKKARAIPATTU JUNIOR VIDYALAYA,NATIONAL SCHOOL ROAD-AKKARAIPATTU-20,Eastern,52.Ampara,Akkaraipattu,Akkaraipattu,4.Type3,provincial
15435,MOHAMMADHIYA JUNIOR VIDYALAYA,"PALLIKKUDIYIRUPPU, AKKARAIPATTU",Eastern,52.Ampara,Akkaraipattu,Akkaraipattu,4.Type3,provincial
15436,IBNU SEENA JUNIOR VIDYALAYA,"BEACH ROAD, PAALMUNAI",Eastern,52.Ampara,Akkaraipattu,Addalachchenai,4.Type3,provincial
15437,DHARUL ILLM VIDYALAYA,OLUVIL-02,Eastern,52.Ampara,Akkaraipattu,Addalachchenai,4.Type3,provincial
15438,SIRISANDA PRIMARY SCHOOL,"POLWAGA JANAPADAYA, AMPARA",Eastern,52.Ampara,Ampara,Ampara,4.Type3,provincial
15439,SUDHARMAJOTHI PRIMARY SCHOOL,MAHAOYA,Eastern,52.Ampara,Mahaoya,Mahaoya,4.Type3,provincial
15440,MIRISWATHTHA SRI ABAYAREWATHA PRIMARY SCHOOL,KOLAMANTHALAWA PADIYATHALAWA,Eastern,52.Ampara,Mahaoya,Padiyatalawa,4.Type3,provincial
15441,AHATHIYAR VIDYALAYAM,CENTRAL CAMP 05,Eastern,52.Ampara,Sammanthurai,Navithanveli,4.Type3,provincial
15442,VIPULANANTHA G.T.M.S.,VIPULANANTHA ROAD VADDIVELI POTTUVIL 13,Eastern,52.Ampara,Thirukkovil,Pottuvil - II (Tamil),4.Type3,provincial
15443,THIRUVALLUVAR VIDYALAYAM,"R.K.M.ROAD, AKKARAIPATTU-07",Eastern,52.Ampara,Thirukkovil,Alayadivembu,4.Type3,provincial
15444,ANNAI SARATHA MIXED SCHOOL,AKKARAIPATTU-7/4,Eastern,52.Ampara,Thirukkovil,Alayadivembu,4.Type3,provincial
15445,KALMUNAI ROYAL VIDYALAYA,"GREEN FIELD, KALMUNAI",Eastern,52.Ampara,Kalmunai,Kalmunai,4.Type3,provincial
15446,AKBAR VIDYALAYA,"PERIYANEELAVANAI, MARUTHAMUNAI",Eastern,52.Ampara,Kalmunai,Kalmunai,3.Type2,provincial
15447,LEADER JUNIOR SCHOOL,VARIPATHANCHNAI - 01,Eastern,52.Ampara,Sammanthurai,Irakkamam,4.Type3,provincial
15448,AS SIRAJ JUNIOR SCHOOL,"YMMA ROAD, AKKARAIPATTU",Eastern,52.Ampara,Akkaraipattu,Akkaraipattu,4.Type3,provincial
15449,SENARATH SOMARATHANA PRIMARY SCHOOL,"THISSAPURA, DADAYAMTHALAWA",Eastern,52.Ampara,Ampara,Uhana,4.Type3,provincial
15450,AS-SAATHIQ VIDYALAYA,"OLD POST OFFICE FRONT ROAD, POTTUVIL-14",Eastern,52.Ampara,Akkaraipattu,Pottuvil - I,4.Type3,provincial
15451,WIMALAWEERA DISSANAYAKA MODEL SCHOOL,TEMPANA MAHAOYA,Eastern,52.Ampara,Mahaoya,Mahaoya,4.Type3,provincial
15453,VIHARAMAHADEVI PRIMARY SCHOOL,LAHUGALA,Eastern,52.Ampara,Ampara,Lahugala,4.Type3,provincial
15454,MANDANAI T.M.S.,MANDANAI THIRUKKOVIL 4,Eastern,52.Ampara,Thirukkovil,Thirukkovil,3.Type2,provincial
15455,DEEGAYU DISSANAYAKA PRIMARY SCHOOL,PPADIYATHALAWA,Eastern,52.Ampara,Mahaoya,Padiyatalawa,4.Type3,provincial
15456,SUMANASARA PRIMARY SCHOOL,SERANKADA PADIYATHALAWA,Eastern,52.Ampara,Mahaoya,Padiyatalawa,4.Type3,provincial
15457,AL-HIKMA JUNIOR SCHOOL,"NOORANIYA ROAD, MARUTHAMUNAI",Eastern,52.Ampara,Kalmunai,Kalmunai,4.Type3,provincial
15458,GALWALAYAYA PRIMARY SCHOOL,POLLEBEDDA MAHAOYA,Eastern,52.Ampara,Mahaoya,Mahaoya,4.Type3,provincial
15459,AL-ASHRAQ JUNIOR SCHOOL,"MASJITHUL JALALIYA ROAD, NINTAVUR-25",Eastern,52.Ampara,Kalmunai,Ninthavur,4.Type3,provincial
15460,POTTUVIL OSMANIYA JUNIOR VIDYALAYA,"OSMANIYA SCHOOL ROAD, R M NAGAR POTTUVIL 27",Eastern,52.Ampara,Akkaraipattu,Pottuvil - I,4.Type3,provincial
15461,AL-MADEENA VIDYALAYA,"MAIN STREET, OLUVIL",Eastern,52.Ampara,Akkaraipattu,Addalachchenai,4.Type3,provincial
15462,AL-MINARA VIDYALAYA,"LIGHT HOUSE ROAD, OLUVIL-06",Eastern,52.Ampara,Akkaraipattu,Addalachchenai,4.Type3,provincial
15463,SEERPATHADEVI VIDYALAYAM,"AMPARA ROAD, MALWATTE",Eastern,52.Ampara,Sammanthurai,Sammanthurai,4.Type3,provincial
15464,NILAMIYA JUNIOR SCHOOL,"JALALDEEN ROAD, ADDALACHENAI-04",Eastern,52.Ampara,Akkaraipattu,Addalachchenai,4.Type3,provincial
15465,MAHANAGAPURA THAKSHILA PRIMARY SCHOOL,"MAHANAGAPURA, AMPARA",Eastern,52.Ampara,Ampara,Damana,4.Type3,provincial
15466,RAJAGALA PRIMARY SCHOOL,RAJAGALATHANNA,Eastern,52.Ampara,Ampara,Uhana,4.Type3,provincial
15467,VINAYAGAPURAM KANISTA VIDYALAYA,VINAYAGAPURAM,Eastern,52.Ampara,Thirukkovil,Thirukkovil,4.Type3,provincial
15468,AL-MARWA VIDYALAYA,"HIJRATH NAGAR, POTTUVIL-05",Eastern,52.Ampara,Akkaraipattu,Pottuvil - I,4.Type3,provincial
15469,AS-SHAFA JUNIOR SCHOOL,"PALLIKKUDIYIRUPU, AKKARAIATTU",Eastern,52.Ampara,Akkaraipattu,Akkaraipattu,4.Type3,provincial
15470,SELVAPURAM THULASI VIDYALAYA,"SELVAPURAM, KOMARI-02, POTTUVIL",Eastern,52.Ampara,Thirukkovil,Pottuvil - II (Tamil),4.Type3,provincial
15471,VIDYA SHASTHRA MODEL P.V.,"JAYAWARDENAPURA, AMPARA",Eastern,52.Ampara,Ampara,Ampara,4.Type3,provincial
15472,DHEEGAMANDALA MODEL P.S.,AMPARA,Eastern,52.Ampara,Ampara,Lahugala,4.Type3,provincial
15473,KALAIVANI JUNIOR VIDYALAYA,"PULIYAMPATHTHAI, AKKRAIPATTU",Eastern,52.Ampara,Thirukkovil,Alayadivembu,4.Type3,provincial
16001,PADAVI PALUGAHAWANGUWA M.V.,PADAVI SRI PURA,Eastern,53.Trincomalee,Trincomalee North,Padavi Sripura,1.1AB,provincial
16002,PADAVI SRIPURA P.V.,PADAVI SRI PURA,Eastern,53.Trincomalee,Trincomalee North,Padavi Sripura,4.Type3,provincial
16003,PADAVI GEMUNUPURA V.,PADAVI SRI PURA,Eastern,53.Trincomalee,Trincomalee North,Padavi Sripura,4.Type3,provincial
16004,PADAVI YAYA 10 THISSA V.,PADAVI SRI THISSAPURA,Eastern,53.Trincomalee,Trincomalee North,Padavi Sripura,3.Type2,provincial
16005,PADAVI YAYA 11-12 M.V.,PADAVI SRI THISSAPURA,Eastern,53.Trincomalee,Trincomalee North,Padavi Sripura,2.1C,provincial
16006,PADAVI JAYANTHI M.V.,PADAVI SRI PURA,Eastern,53.Trincomalee,Trincomalee North,Padavi Sripura,2.1C,provincial
16007,PADAVI YAYA 13 VIDYALAYA,PADAVI SRI THISSAPURA,Eastern,53.Trincomalee,Trincomalee North,Padavi Sripura,3.Type2,provincial
16008,PARANAMEDAWACHCHIYA VIDYALAYA,PARANAMEDAWACHCHIYA,Eastern,53.Trincomalee,Trincomalee North,Padavi Sripura,4.Type3,provincial
16009,PADAVI YAYA 78 VIDYALAYA,"KAWANTHISSAPURA, PADAVI SRIPURA",Eastern,53.Trincomalee,Trincomalee North,Padavi Sripura,3.Type2,provincial
16010,KANIJAWELI SINHALA VIDYALAYA,PULMUDEI,Eastern,53.Trincomalee,Trincomalee North,Padavi Sripura,3.Type2,provincial
16011,SAGARAPURA SINHALA VIDYALAYA,"SAGARAPURA, KUCHCHAVELI, TRINCOMALEE",Eastern,53.Trincomalee,Trincomalee,Kuchchaveli,4.Type3,provincial
16012,PULMODDAI MUSLIM CENTRAL COLLEGE,"MAIN STREET, PULMODDAI",Eastern,53.Trincomalee,Trincomalee,Kuchchaveli,1.1AB,provincial
16013,THIRIYAI TAMIL MAHA VIDYALAYAM,"THIRIYAI, TRINCOMALEE",Eastern,53.Trincomalee,Trincomalee,Kuchchaveli,2.1C,provincial
16014,KALLAMPATHAI GOVERNMENT TAMIL MIXED SCHOOL,"KALLAMPATHAI, THIRIYAI, TRINCOMALEE",Eastern,53.Trincomalee,Trincomalee,Kuchchaveli,4.Type3,provincial
16015,PUDAVAIKATTU MUSLIM VIDYALAYAM,"PUDAVAIKATTU, THIRIYAI, TRINCOMALEE",Eastern,53.Trincomalee,Trincomalee,Kuchchaveli,3.Type2,provincial
16016,AN-NOORIYA MUSLIM MAHA VIDYALAYA,KUCHCHAVELI,Eastern,53.Trincomalee,Trincomalee,Kuchchaveli,2.1C,provincial
16017,VIVEKANANDA MAHA VIDYALAYAM,"WARD NO. 01, KUCHCHAVELI, TRINCOMALEE",Eastern,53.Trincomalee,Trincomalee,Kuchchaveli,2.1C,provincial
16018,IRANAIKERNY GOVERNMENT TAMIL MIXED SCHOOL,"KUCHCHAVELI, TRINCOMALEE",Eastern,53.Trincomalee,Trincomalee,Kuchchaveli,4.Type3,provincial
16019,GOMARANKADAWALA M.V.,GOMARANKADAWALA,Eastern,53.Trincomalee,Trincomalee North,Gomarankadawala,2.1C,provincial
16020,PAMBURUGASWEWA VIDYALAYA,GOMARANKADAWALA,Eastern,53.Trincomalee,Trincomalee North,Gomarankadawala,4.Type3,provincial
16021,MADAWACHCHIYA V.,BAKMEEGAMA,Eastern,53.Trincomalee,Trincomalee North,Gomarankadawala,3.Type2,provincial
16023,KALYANAPURA V.,GOMARANKADAWALA,Eastern,53.Trincomalee,Trincomalee North,Gomarankadawala,3.Type2,provincial
16024,KANDAMALAWA V.,"KANDAMALAWA, GOMARANKADAWALA",Eastern,53.Trincomalee,Trincomalee North,Gomarankadawala,4.Type3,provincial
16025,MAILAWEWA V.,"MAILAWEWA, BACKMEEGAMA",Eastern,53.Trincomalee,Trincomalee North,Gomarankadawala,3.Type2,provincial
16026,GALKADAWALA V.,"GALKADAWALA, GOMARANKADAWALA",Eastern,53.Trincomalee,Trincomalee North,Gomarankadawala,4.Type3,provincial
16027,VILPANAKULAMA V.,"VILPANAKULAMA, GOMARANKADAWALA",Eastern,53.Trincomalee,Trincomalee North,Gomarankadawala,4.Type3,provincial
16028,MORAWEWA NORTH SINHALA V.,"MORAWEWA, PANKULAMA",Eastern,53.Trincomalee,Trincomalee North,Morawewa,3.Type2,provincial
16029,MORAWEWA SOUTH SINHALA V.,"MORAWEWA, PANKULAMA",Eastern,53.Trincomalee,Trincomalee North,Morawewa,3.Type2,provincial
16030,ETHABENDIWEWA V.,"ETHABENDIWEWA, ROTAWEWA",Eastern,53.Trincomalee,Trincomalee North,Morawewa,3.Type2,provincial
16032,NALLAKUDDIARU G.M.M.S.,"NAMALWATHTHA, MORAWEWA",Eastern,53.Trincomalee,Trincomalee North,Morawewa,3.Type2,provincial
16033,MORAWEWA YAYA 06 VIDYALAYA,"MORAWEWA, PANKULAM, TRINCOMALEE",Eastern,53.Trincomalee,Trincomalee North,Morawewa,4.Type3,provincial
16034,KAMBAKOTTE VIDYALAYA,"KAMBAKOTTE, MAHADIULWEWA",Eastern,53.Trincomalee,Trincomalee North,Morawewa,4.Type3,provincial
16036,ROTAWEWA MUSLIM M.V.,ROTAWEWA,Eastern,53.Trincomalee,Trincomalee North,Morawewa,2.1C,provincial
16037,NOCHCHIKULAM G.T.M.S.,"NOCHCHIKULAM, MAHADIVULWEWA",Eastern,53.Trincomalee,Trincomalee North,Morawewa,3.Type2,provincial
16038,MUTHALIKKULAM G.T.M.S.,PANKULAM,Eastern,53.Trincomalee,Trincomalee North,Morawewa,4.Type3,provincial
16040,AWAINAGAR G.T.M.S.,"AWAINAGAR, PANKULAMA",Eastern,53.Trincomalee,Trincomalee North,Morawewa,3.Type2,provincial
16043,SINGHEPURA VIDYAWARDANA V.,MAHADIULWEWA,Eastern,53.Trincomalee,Trincomalee North,Morawewa,3.Type2,provincial
16044,KUMPURUPIDDY METHODIST MISSION TAMIL MIXED SCHOOL,"KUMPURUPIDDY, TRINCOMALEE",Eastern,53.Trincomalee,Trincomalee,Kuchchaveli,3.Type2,provincial
16045,AL-HAMRA MAHA VIDYALAYAM,IRAKKAKANDY,Eastern,53.Trincomalee,Trincomalee,Kuchchaveli,2.1C,provincial
16046,GOPALAPURAM GTM SCHOOL,NILAVELI 31010,Eastern,53.Trincomalee,Trincomalee,Kuchchaveli,3.Type2,provincial
16047,NILAVELI ROMAN CATHOLIC TAMIL MIXED SCHOOL,"WARD NO. 03, NILAVELI, TRINCOMALEE",Eastern,53.Trincomalee,Trincomalee,Kuchchaveli,4.Type3,provincial
16048,NILAVELI KAILESHWARA COLLEGE,WARD NO-1 NILAVELI,Eastern,53.Trincomalee,Trincomalee,Kuchchaveli,2.1C,provincial
16049,AL-FATHAH MAHA VIDYALAYAM,"NILAVELI, TRINCOMALEE",Eastern,53.Trincomalee,Trincomalee,Kuchchaveli,2.1C,provincial
16050,MOHAMADIYA VIDYALAYAM,"IQBAL NAGAR, NILAVELI",Eastern,53.Trincomalee,Trincomalee,Kuchchaveli,3.Type2,provincial
16051,ATHIMODDAI TAMIL VIDYALAYAM,"SAMPALTHIVU, TRINCOMALEE",Eastern,53.Trincomalee,Trincomalee,Trincomalee Town,3.Type2,provincial
16052,SAMPALTIVU TAMIL MAHA VIDYALAYAM,WARDNO5 MAINSTREET SAMBALTHIVU TRINCOMALEE,Eastern,53.Trincomalee,Trincomalee,Trincomalee Town,2.1C,provincial
16053,SALLY AMBAL MAHA VIDYALAYAM,"SALLY, SAMPALTHIVU, TRINCOMALEE",Eastern,53.Trincomalee,Trincomalee,Trincomalee Town,2.1C,provincial
16055,PERUNTHERU VIGNESWARA MAHA VIDYALAYAM,"52, MAIN STREET, TRINCOMALEE",Eastern,53.Trincomalee,Trincomalee,Trincomalee Town,2.1C,provincial
16056,ST.FRANCIS XAVIER MAHA VIDYALAYAM,CENTRAL ROAD TRINCOMALEE,Eastern,53.Trincomalee,Trincomalee,Trincomalee Town,2.1C,provincial
16058,TRINCOMALEE ORR'S HILL VIVEKANANDA COLLEGE,"CENTRAL ROAD, ORR'S HILL, TRINCOMALEE",Eastern,53.Trincomalee,Trincomalee,Trincomalee Town,1.1AB,provincial
16060,NAMAGAL VIDYALAYAM,"THIRUKKADALOOR, TRINCOMALEE",Eastern,53.Trincomalee,Trincomalee,Trincomalee Town,3.Type2,provincial
16061,SRI KONALINGA MAHA VIDYALAYAM,"LINGANAGAR, TRINCOMALEE",Eastern,53.Trincomalee,Trincomalee,Trincomalee Town,2.1C,provincial
16062,ABAYAPURA MAHA VIDYALAYA,"THULSIPURA, TRINCOMALEE",Eastern,53.Trincomalee,Trincomalee,Trincomalee Town,1.1AB,provincial
16063,SRI SIDDARTHA VIDYALAYA,"BATTICALOA ROAD, WEPPANKUDA, CHINABAY, TRINCOMALEE",Eastern,53.Trincomalee,Trincomalee,Trincomalee Town,4.Type3,provincial
16064,AL-AZHAR MUSLIM MAHA VIDYALAYAM,"VELLAIMANAL, CHINABAY, TRINCOMALEE",Eastern,53.Trincomalee,Trincomalee,Trincomalee Town,2.1C,provincial
16065,TISSA MAHA VIDYALAYA,"NAVY DOCKYARD, TRINCOMALEE",Eastern,53.Trincomalee,Trincomalee,Trincomalee Town,2.1C,provincial
16066,TRINCOMALEE METHODIST GIRLS' COLLEGE,"DOCKYARD ROAD, TRINCOMALEE",Eastern,53.Trincomalee,Trincomalee,Trincomalee Town,1.1AB,provincial
16067,PUNITHAVALANAR TAMIL VIDYALAYAM,"ST,MARY'S STREET TRINCOMALEE",Eastern,53.Trincomalee,Trincomalee,Trincomalee Town,3.Type2,provincial
16072,TRINCOMALEE ZAHIRA COLLEGE,MOSQUE ROAD TRINCOMALEE,Eastern,53.Trincomalee,Trincomalee,Trincomalee Town,1.1AB,provincial
16074,VILGAMULLA VIDYALAYA,"ANURADAPURA ROAD, TRINCOMALEE",Eastern,53.Trincomalee,Trincomalee,Trincomalee Town,3.Type2,provincial
16075,KANNIYA RAVANESWARAN TAMIL VIDYALAYAM,ANURADAPURA ROAD KANNIYA TRINCOMALEE,Eastern,53.Trincomalee,Trincomalee,Trincomalee Town,3.Type2,provincial
16076,BARATHI TAMIL VIDYALAYAM,VAROTHAYANAGAR SAMPALTHIVU TRINCOMALEE,Eastern,53.Trincomalee,Trincomalee,Trincomalee Town,3.Type2,provincial
16077,SELVANAYAGAPURAM HINDU MAHA VIDYALAYAM,SELVANAYAGAPPURAM TRINCOMALEE,Eastern,53.Trincomalee,Trincomalee,Trincomalee Town,2.1C,provincial
16078,JAMALIYA MUSLIM MAHA VIDYALAYAM,"JAMALIYA JUNCTION, LOVE LANE, TRINCOMALEE",Eastern,53.Trincomalee,Trincomalee,Trincomalee Town,2.1C,provincial
16079,KALAIMAGAL MAHA VIDYALAYAM,ANPUVALIPURAM TRINCOMALEE,Eastern,53.Trincomalee,Trincomalee,Trincomalee Town,2.1C,provincial
16080,AL-MINHAJ MUSLIM MAHA VIDYALAYAM,"POOMPUHAR STREET, MUDCOVE, TRINCOMALEE",Eastern,53.Trincomalee,Trincomalee,Trincomalee Town,2.1C,provincial
16081,SRI VANI VIDYALAYAM,"PALAIYOOTHU, TRINCOMALEE",Eastern,53.Trincomalee,Trincomalee,Trincomalee Town,4.Type3,provincial
16082,VIPULANANDA COLLEGE,"KANDY ROAD, TRINCOMALEE",Eastern,53.Trincomalee,Trincomalee,Trincomalee Town,1.1AB,provincial
16083,MIHINDUPURA VIDYALAYA,"MIHINDUPURA, TRINCOMALEE",Eastern,53.Trincomalee,Trincomalee,Trincomalee Town,3.Type2,provincial
16084,SRI SUMEDHANKARA MAHA VIDYALAYA,4TH MILE POST TRINCOMALEE,Eastern,53.Trincomalee,Trincomalee,Trincomalee Town,2.1C,provincial
16085,NALANDA MAHA VIDYALAYA,"CHINA BAY, TRINCOMALEE",Eastern,53.Trincomalee,Trincomalee,Trincomalee Town,2.1C,provincial
16086,CHINABAY TAMIL VIDYALAYAM,"CHINABAY, TRINCOMALEE",Eastern,53.Trincomalee,Trincomalee,Trincomalee Town,3.Type2,provincial
16087,MUTHUNAGAR MUSLIM VIDYALAYAM,"MUTHUNAGAR, THAMPALAKAMAM",Eastern,53.Trincomalee,Trincomalee,Thampalakamam,3.Type2,provincial
16088,SARASWATHY VIDYALAYAM,"KAPPALTHURAI, CHINABAY, TRINCOMALEE",Eastern,53.Trincomalee,Trincomalee,Trincomalee Town,3.Type2,provincial
16089,DHARUSSALAM M.VIDYALAYAM,MULLIPOTHANA,Eastern,53.Trincomalee,Kinniya,Mullipothana,2.1C,provincial
16090,BUHARY NAGAR MUSLIM MAHA VIDYALA,BUHARY NAGAR MULLIPOTHANA,Eastern,53.Trincomalee,Kinniya,Mullipothana,2.1C,provincial
16091,AS SAMS VIDYALAYAM,MULLIPOTHANA,Eastern,53.Trincomalee,Kinniya,Mullipothana,3.Type2,provincial
16092,MULLIPOTHANA CENTRAL COLLEGE,MULLIPOTHANA,Eastern,53.Trincomalee,Kinniya,Mullipothana,1.1AB,provincial
16093,MULLIPOTHANAI VIGNESWARA VIDYALAYAM,"UNIT-09, MULLIPOTHANAI, TRINCOMALEE",Eastern,53.Trincomalee,Trincomalee,Thampalakamam,3.Type2,provincial
16094,SALIYAPURA VIDYALAYA,"SALIYAPURA,KANTALE",Eastern,53.Trincomalee,Kantale,Kantale,3.Type2,provincial
16095,MOLLIPOTHANA SINHALA MAHA VIDYALAYA,"MOLLIPOTHANA, KANTHALE",Eastern,53.Trincomalee,Kantale,Kantale,2.1C,provincial
16096,GALMETIYAWA VIDYALAYA,"GALMETIYAWA, KANTALE",Eastern,53.Trincomalee,Kantale,Kantale,3.Type2,provincial
16097,GEMUNUPURA VIJITHA VIDYALAYA,"SIRAJNAGAR, KANTALE",Eastern,53.Trincomalee,Kantale,Kantale,4.Type3,provincial
16098,JAYAPURA VIDYALAYA,"JAYAPURA, THAMBALAGAMUWA",Eastern,53.Trincomalee,Kantale,Kantale,4.Type3,provincial
16099,SIRAJ MUSLIM MAHA VIDYALAYAM,SIRAJ NAGAR THAMPALAGAMAM,Eastern,53.Trincomalee,Kinniya,Mullipothana,2.1C,provincial
16100,AL-HICKMA MUSLIM MAHA VIDYALAYAM,ARAFA NAGAR THAMPALAGAMAM,Eastern,53.Trincomalee,Kinniya,Mullipothana,2.1C,provincial
16101,SIVASAKTHI GOVT TAMIL MIXED SCHOOL,"98TH WEST COLONY, THAMPALAKAMAM",Eastern,53.Trincomalee,Trincomalee,Thampalakamam,4.Type3,provincial
16102,KULAKKODDAN TAMIL VIDYALAYAM,"PUTHUKKUDIYIRUPPU, THAMPALAKAMAM, TRINCOMALEE",Eastern,53.Trincomalee,Trincomalee,Thampalakamam,3.Type2,provincial
16103,R.K.M.SARATHA VIDYALAYAM,"PADDY MEDU, THAMPALAKAMAM",Eastern,53.Trincomalee,Trincomalee,Thampalakamam,4.Type3,provincial
16104,PALAMPOTTARU SITHI VINAYAKAR VIDYALAYAM,"PATHTHINIPURAM, PALAMPOTTARU, THAMPALAKAMAM",Eastern,53.Trincomalee,Trincomalee,Thampalakamam,3.Type2,provincial
16106,AATHIKONESWARA MAHA VIDYALAYAM,"KOVILADY, THAMPALAKAMAM, TRINCOMALEE",Eastern,53.Trincomalee,Trincomalee,Thampalakamam,2.1C,provincial
16107,MAHWELIPURA VIDYALAYA,"SOORIYAPURA,KANTALE",Eastern,53.Trincomalee,Kantale,Kantale,3.Type2,provincial
16108,JAYANTHIPURA VIDYALAYA,"JAYANTHIPURA, WANELA, KANTHALE",Eastern,53.Trincomalee,Kantale,Kantale,3.Type2,provincial
16109,WANELA MAHA VIDYALAYA,WANELA.KANTHALE,Eastern,53.Trincomalee,Kantale,Kantale,2.1C,provincial
16110,WAN ELA MUSLIM VIDYALAYAM,WAN ELA KINNIYA,Eastern,53.Trincomalee,Kinniya,Kurinchakerny,3.Type2,provincial
16111,AL-THARIQUE MAHA VIDYALAYA,PERARU KANTALE,Eastern,53.Trincomalee,Kantale,Kantale,1.1AB,provincial
16112,SEEWALI VIDYALAYA,"UNIT 03, RAJAELA, KANTALE",Eastern,53.Trincomalee,Kantale,Kantale,3.Type2,provincial
16113,RAJAELA VIDYALAYA,"UNIT 05, RAJAELA, KANTHALE",Eastern,53.Trincomalee,Kantale,Kantale,3.Type2,provincial
16114,WENDRASANPURA VIDYALAYA,"UNIT 15, WENDRASANPURA, KANTALE",Eastern,53.Trincomalee,Kantale,Kantale,3.Type2,provincial
16115,GANTHALAWA MAHA VIDYALAYA,"MOLLIPOTHANA, KANTHALE",Eastern,53.Trincomalee,Kantale,Kantale,1.1AB,provincial
16116,BANDARANAYAKE VIDYALAYA,"SEEIPURA, KANTHALE",Eastern,53.Trincomalee,Kantale,Kantale,3.Type2,provincial
16117,D.S.SENANAYAKE MAHA VIDYALAYA,"RAJAWEWA, AGBOPURA, KANTHALE",Eastern,53.Trincomalee,Kantale,Kantale,2.1C,provincial
16118,VADDUKACHCHI GOVERNMENT MIXED MUSLIM SCHOOL,"AGBOPURA, KANTALE",Eastern,53.Trincomalee,Kantale,Kantale,3.Type2,provincial
16119,AGBOPURA MAHA VIDYALAYA,AGBOPURA KANTHALE,Eastern,53.Trincomalee,Kantale,Kantale,1.1AB,provincial
16120,VIGNESHWARA VIDYALAYA,"KOVIL ROAD, KANTALE",Eastern,53.Trincomalee,Kantale,Kantale,3.Type2,provincial
16122,PERARU PARAMESWARA MAHA VIDYALAYA,PERARU KANTALE,Eastern,53.Trincomalee,Kantale,Kantale,2.1C,provincial
16123,PERATHUVELI MUSLIM MAHA VIDYALAYA,"PERARU, KANTALE",Eastern,53.Trincomalee,Kantale,Kantale,2.1C,provincial
16124,KANTHALE CENTRAL COLLEGE,KANTHALE,Eastern,53.Trincomalee,Kantale,Kantale,1.1AB,provincial
16125,AGBOGAMA VIDYALAYA,"AGBOGAMA, AGBOPURA, KANTALE",Eastern,53.Trincomalee,Kantale,Kantale,4.Type3,provincial
16126,MAHAWELIGAMA MAHA VIDYALAYA,SERUNUWARA,Eastern,53.Trincomalee,Kantale,Seruvila,2.1C,provincial
16127,NEELAPOLA VIDYALAYA,"NEELAPOLA, SERUNUWARA",Eastern,53.Trincomalee,Kantale,Seruvila,3.Type2,provincial
16128,SERUWILA MAHA VIDYALAYA,"KAWANTHISSAPURA, SERUWILA",Eastern,53.Trincomalee,Kantale,Seruvila,2.1C,provincial
16129,DEHIWATTA VIDYALAYA,DEHIWATTA,Eastern,53.Trincomalee,Kantale,Seruvila,3.Type2,provincial
16130,SOMAPURA MODEL SCHOOL,"LB.02, SOMPURA",Eastern,53.Trincomalee,Kantale,Seruvila,3.Type2,provincial
16131,SOMADEVI VIDYALAYA,"RB01, SOMAPURA",Eastern,53.Trincomalee,Kantale,Seruvila,3.Type2,provincial
16132,GAMINI VIDYALAYA,"SIRIMAGALAPURA, SOMAPURA",Eastern,53.Trincomalee,Kantale,Seruvila,4.Type3,provincial
16133,KAWANTISSA VIDYALAYA,"NEWTOWN, SERUWILA",Eastern,53.Trincomalee,Kantale,Seruvila,4.Type3,provincial
16134,LINKAPURAM SARASWATHI VIDYALAYAM,"LINKAPURAM, KILIVETTI",Eastern,53.Trincomalee,Muttur,Muttur,3.Type2,provincial
16135,SHANPAHAVALLI VIDYALAYAM,"THANGANAGAR, KILIVETTI.",Eastern,53.Trincomalee,Muttur,Muttur,3.Type2,provincial
16136,SACRET HEART VIDYALAYAM,"IRUTHAYAPURAM, MUTUR.",Eastern,53.Trincomalee,Muttur,Muttur,3.Type2,provincial
16137,SRI KATHIRESAR VIDYALAYA,"MALLIKAITHIVU, MUTUR.",Eastern,53.Trincomalee,Muttur,Muttur,3.Type2,provincial
16138,MALLIHAITHEEVU MAHA VIDYALAYAM,"MALLIHAITHEEVU, MUTUR",Eastern,53.Trincomalee,Muttur,Muttur,2.1C,provincial
16139,PADDITHIDAL MAHAVIDYALAYAM,"PADDITHIDAL, THOPPUR.",Eastern,53.Trincomalee,Muttur,Muttur,2.1C,provincial
16140,MUNNAMPODIVEDDAI G.T.M.V.,MUNNAMPODIVEDDAI THOPPUR,Eastern,53.Trincomalee,Muttur,Muttur,4.Type3,provincial
16141,MENKAMAM GOVERNMENT TAMIL MIXED SCHOOL,"MENKAMAM, KILIVEDDI",Eastern,53.Trincomalee,Muttur,Muttur,3.Type2,provincial
16142,AL-FALAH VIDYALAYAM,"58,AZATH NAGAR KILIVEDDY",Eastern,53.Trincomalee,Muttur,Muttur,3.Type2,provincial
16143,BARATHI VIDYALAYAM,"BARATHIPURAM, KILIVETTI",Eastern,53.Trincomalee,Muttur,Muttur,2.1C,provincial
16144,KILIVETTI MAHA VIDYALAYAM,"KILIVETTY, MUTUR.",Eastern,53.Trincomalee,Muttur,Muttur,2.1C,provincial
16145,KANGUVELI AGATHIYAR VIDYALAYAM,"GANGUVELI, DEHIWATTA",Eastern,53.Trincomalee,Muttur,Muttur,3.Type2,provincial
16146,AL-THAJ MAHA VIDYALAYAM,"59,JINNA NAGAR,THOPPUR",Eastern,53.Trincomalee,Muttur,Muttur,2.1C,provincial
16147,ZAHIRA VIDYALAYAM,PALTHOPPUR THOPPUR,Eastern,53.Trincomalee,Muttur,Muttur,3.Type2,provincial
16148,FATHIMA MUSLIM LADIES COLLEGE,THOPPUR,Eastern,53.Trincomalee,Muttur,Muttur,1.1AB,provincial
16149,AL-HAMBRA CENTRAL COLLEGE,"MAIN ROAD, ALLAI NAGAR, THOPPUR-06 (31250)",Eastern,53.Trincomalee,Muttur,Muttur,2.1C,provincial
16150,AL-SHIFA VIDYALAYA,ALLAINAGAR THOPPUR,Eastern,53.Trincomalee,Muttur,Muttur,3.Type2,provincial
16151,AN-NOOR VIDYALAYAM,SELVANAGAR THOPPUR,Eastern,53.Trincomalee,Muttur,Muttur,3.Type2,provincial
16152,THIRUVALLUWAR VIDYALAYAM,"POONAGAR, EACHCHILAMPATTU",Eastern,53.Trincomalee,Muttur,Echchilampattu,2.1C,provincial
16153,SRI SHANPAHA MAHA VIDYALAYAM,EACHCHILAMPATTU,Eastern,53.Trincomalee,Muttur,Echchilampattu,2.1C,provincial
16154,KARUKKAMUNAI GOVERNMENT TAMIL MIXED SCHOOL,KARUKKAMUNAI ECHCHILAM PATTU,Eastern,53.Trincomalee,Muttur,Echchilampattu,4.Type3,provincial
16155,ELANGAITHURAIMUHATHUVARAM HINDU COLLEGE,"ELANGAITHURAIMUGATHUVARAM, EACHCHILAMPATTU",Eastern,53.Trincomalee,Muttur,Echchilampattu,1.1AB,provincial
16156,VERUKALAMPATY HINDU MAHA VIDYALAYAM,MAWADICHCHENAI-MUTHUR,Eastern,53.Trincomalee,Muttur,Echchilampattu,2.1C,provincial
16157,MUTHTHUCHENAIGOVERNMENT TAMIL MIXED SCHOOL,"MUTHTHUCHENAI, MAAWADICHCHENAI, MUTHUR",Eastern,53.Trincomalee,Muttur,Echchilampattu,3.Type2,provincial
16158,MINACHIYAMMAN VIDYALAYAM,VALAITHODDAM MAVADICHCHENAI,Eastern,53.Trincomalee,Muttur,Echchilampattu,4.Type3,provincial
16159,THUVARAKA VIDYALAYAM,VERUGAL MUGATHUVARAM,Eastern,53.Trincomalee,Muttur,Echchilampattu,3.Type2,provincial
16160,KOONITHEEVU NAVALAR VIDYALAYAM,SAMPOOR,Eastern,53.Trincomalee,Muttur,Muttur,3.Type2,provincial
16161,ELAKKANTHAI GOVERNMENT TAMIL MIX SCHOOL,"SAMPOOR, MUTUR",Eastern,53.Trincomalee,Muttur,Muttur,4.Type3,provincial
16162,SAMPOOR MAHA VIDYALAYAM,"SAMPOOR, MUTUR.",Eastern,53.Trincomalee,Muttur,Muttur,2.1C,provincial
16163,KADATKARAICHENAI GOVERNMENT TAMIL MIXED VIDYALAYAM,"KADATKARAICHENAI, MUTUR",Eastern,53.Trincomalee,Muttur,Muttur,3.Type2,provincial
16164,CHENAIYOOR CENTRAL COLLEGE,MUTUR,Eastern,53.Trincomalee,Muttur,Muttur,1.1AB,provincial
16165,VIPULANANTHA VIDYALAYAM,KADDAIPRICHAN - 07,Eastern,53.Trincomalee,Muttur,Muttur,3.Type2,provincial
16166,ARAFA NAGAR G.M.M.S.,"MAIN STREET, ARAFA NAGAR, MUTUR",Eastern,53.Trincomalee,Muttur,Muttur,4.Type3,provincial
16167,KALAIMAHAL HINDU COLLEGE,PALLIKKUDIYIRUPPU THOPPUR,Eastern,53.Trincomalee,Muttur,Muttur,2.1C,provincial
16168,NALLOOR GOVERNMENT TAMIL MIXED SCHOOL,"NALLOOR, THOPPUR",Eastern,53.Trincomalee,Muttur,Muttur,3.Type2,provincial
16169,PAMAHAL TAMIL VIDYALAYAM,"PADDALIPURAM, THOPPUR, MUTUR.",Eastern,53.Trincomalee,Muttur,Muttur,3.Type2,provincial
16170,SHRIKAJAMUGA TAMIL VIDYALAYAM,"RALKULI, MUTUR -07",Eastern,53.Trincomalee,Muttur,Muttur,3.Type2,provincial
16171,ST. ANTONY'S MAHA VIDYALAYAM,"MAIN STREET, MUTUR.",Eastern,53.Trincomalee,Muttur,Muttur,2.1C,provincial
16172,AL-HILAL CENTRAL COLLEGE,"NEW JETTY ROAD, MUTUR - 01.",Eastern,53.Trincomalee,Muttur,Muttur,1.1AB,provincial
16173,AL-HITHAYA MAHA VIDYALAYA,"MAIN STREET, MUTUR",Eastern,53.Trincomalee,Muttur,Muttur,2.1C,provincial
16174,AN-NAHAR GIRLS MAHA VIDYALAYA,"CHURCH ROAD, MUTUR-03",Eastern,53.Trincomalee,Muttur,Muttur,1.1AB,provincial
16176,ALIMCHENAI GOVERNMENT MUSLIM MIXED SCHOOL,"ALIM NAGAR, MUTUR-02",Eastern,53.Trincomalee,Muttur,Muttur,3.Type2,provincial
16177,IMAM SHAFI VIDYALAYA,"SHFI NAGAR, MUTUR-05",Eastern,53.Trincomalee,Muttur,Muttur,3.Type2,provincial
16178,AL-MINA MAHA VIDYALAYA,"BATTICALOA ROAD,PERIYAPALAM, MUTUR",Eastern,53.Trincomalee,Muttur,Muttur,2.1C,provincial
16179,MUTTUR SINHALA MAHA VIDYALAYA,MUTUR,Eastern,53.Trincomalee,Kantale,Seruvila,2.1C,provincial
16181,KURINCHAKERNY GIRLS M.VIDYALAYAM,"KURINCHAKERNY - 02, KINNIYA",Eastern,53.Trincomalee,Kinniya,Kurinchakerny,2.1C,provincial
16183,KINNYA AL-HIRA MUSLIM MAHALIR MAH,KINNYA,Eastern,53.Trincomalee,Kinniya,Kinniya,1.1AB,provincial
16184,AL HAJ EHUTHAR VIDYALAYAM,PERIYATHTHUMUNAI KINNIYA,Eastern,53.Trincomalee,Kinniya,Kinniya,4.Type3,provincial
16185,PERIYA KINNIYA BOYS SCHOOL,"PERIYA KINNIYA, KINNIYA 06",Eastern,53.Trincomalee,Kinniya,Kinniya,3.Type2,provincial
16188,IHSHANIYI GIRLS VIDYALAYAM,KUDDI KARACHHI KINNIYA,Eastern,53.Trincomalee,Kinniya,Kinniya,3.Type2,provincial
16189,AL-RAWLA VIDYALAYAM,THAMARAWIL KINNIYA,Eastern,53.Trincomalee,Kinniya,Kinniya,3.Type2,provincial
16190,UPPARU AL HITHAYA VIDYALAYAM,UPPARU KINNIYA,Eastern,53.Trincomalee,Kinniya,Kurinchakerny,4.Type3,provincial
16191,KURINCHAKERNY ARAFA M.VIDYALAYAM,KURINCHEKERNY-02 KINNIYA,Eastern,53.Trincomalee,Kinniya,Kurinchakerny,2.1C,provincial
16192,AL-MUJAHITHA VIDYALAYAM,MUNACHENAI KINNIYA,Eastern,53.Trincomalee,Kinniya,Kurinchakerny,3.Type2,provincial
16193,DHARUL ULOOM M.VIDYALAYAM,"KAKAMUNAI, KINNIYA",Eastern,53.Trincomalee,Kinniya,Kurinchakerny,2.1C,provincial
16194,KAKAMUNAI G.M.M.S.,KAKAMUNAI,Eastern,53.Trincomalee,Kinniya,Kurinchakerny,3.Type2,provincial
16195,KINNYA AN-NAJATH M.VIDYALAYAM,"KACHCHAKODITHEEVU, KINNIYA",Eastern,53.Trincomalee,Kinniya,Kurinchakerny,2.1C,provincial
16196,ALIGAR M.VIDYALAYAM,"MAHARU GRAMMAM, KINNIYA",Eastern,53.Trincomalee,Kinniya,Kurinchakerny,2.1C,provincial
16197,AL-AMEEN VIDYALAYAM,"SOORANGAL, KINNIYA",Eastern,53.Trincomalee,Kinniya,Kurinchakerny,2.1C,provincial
16198,AL-AHLA VIDYALAYAM,NADU OOTHU KINNIYA,Eastern,53.Trincomalee,Kinniya,Kurinchakerny,2.1C,provincial
16199,VEPPANTHAVANAI ZAHIRA VIDYALAYAM,KATKULY KINNIYA,Eastern,53.Trincomalee,Kinniya,Kurinchakerny,3.Type2,provincial
16200,VAN ELA BUHARY M.VIDYALAYAM,"AYILIADY, KINNIYA",Eastern,53.Trincomalee,Kinniya,Kurinchakerny,2.1C,provincial
16201,KALLADY VEDDUWAN BUHARY NAGAR VI,KALLADY VEDUWAN KINNIYA,Eastern,53.Trincomalee,Kinniya,Kurinchakerny,4.Type3,provincial
16202,SUNKANKULLY KALAIMAHAL VIDYALAYA,SUNKANKULLY KINNIYA,Eastern,53.Trincomalee,Kinniya,Kurinchakerny,4.Type3,provincial
16203,BARAKATH NAGAR MUSLIM VIDYALAYAM,MAJEETH NAGAR KINNIYA,Eastern,53.Trincomalee,Kinniya,Kurinchakerny,3.Type2,provincial
16204,AL-MINA M.VIDYALAYAM,POOVARASANTHEEVU,Eastern,53.Trincomalee,Kinniya,Kurinchakerny,2.1C,provincial
16205,AS-SAFA VIDYALAYA,SAMAVACHCHA THEEVU KINNIYA,Eastern,53.Trincomalee,Kinniya,Kurinchakerny,3.Type2,provincial
16206,EACHCHANTHEEVU VIPULANANDA VIDYA,EACHCHANTHEEVU KINNIYA,Eastern,53.Trincomalee,Kinniya,Kinniya,4.Type3,provincial
16207,ALANKERNY VINAYAGAR MAHA VIDYALAY,"ALANKERNY, KINNIYA",Eastern,53.Trincomalee,Kinniya,Kinniya,2.1C,provincial
16208,SAMPOOR SRI MURUGAN VIDYALAYAM,"SAMPOOR, MUTUR",Eastern,53.Trincomalee,Muttur,Muttur,4.Type3,provincial
16209,SOODAIKUDA BARATHI VIDYALAYAM,"SUDAIKUDA, SAMPOOR",Eastern,53.Trincomalee,Muttur,Muttur,4.Type3,provincial
16210,AMMAN NAGAR AMBAL VIDYALAYAM,"KADDAIPARICHAN, MUTUR",Eastern,53.Trincomalee,Muttur,Muttur,4.Type3,provincial
16211,DHARUSSALAM VIDYALAYAM,KOORKANDAM THOPPUR,Eastern,53.Trincomalee,Muttur,Muttur,4.Type3,provincial
16212,FATHIMA BALIKA MAHA VIDYALAYAM,HIJRAPURAM MULLIPOTHANA,Eastern,53.Trincomalee,Kinniya,Mullipothana,2.1C,provincial
16213,BATHIYAGAMA PRIMARY SCHOOL,BATHIYAGAMA KANTHALE,Eastern,53.Trincomalee,Kantale,Kantale,4.Type3,provincial
16214,NIJAMIYA MUSLIM VIDYALAYAM,MAILTHEEVU THAMPALAGAMAM,Eastern,53.Trincomalee,Kinniya,Mullipothana,4.Type3,provincial
16215,KIVLEKADA V.,BAKMEEGAMA,Eastern,53.Trincomalee,Trincomalee North,Gomarankadawala,3.Type2,provincial
16216,PULIKANDIKULAMA V.,"PULIKANDIKULAMA, BAKMEEGAMA",Eastern,53.Trincomalee,Trincomalee North,Gomarankadawala,4.Type3,provincial
16217,IDIMAN AL-MINHAJ VIDYALAYAM,IDIMAN KINNIYA,Eastern,53.Trincomalee,Kinniya,Kinniya,4.Type3,provincial
16218,JOHARA UMMA VIDYALAYAM,KURINCHCHAKERNY KINNIYA,Eastern,53.Trincomalee,Kinniya,Kurinchakerny,4.Type3,provincial
16219,AL-IQBAL VIDYALAYAM,NADUTHEEVU KINNIYA,Eastern,53.Trincomalee,Kinniya,Kurinchakerny,3.Type2,provincial
16220,AL-IRFAN M.VIDYALAYAM,FAIZAR NAGAR KINNIYA,Eastern,53.Trincomalee,Kinniya,Kinniya,2.1C,provincial
16221,AL-MADINA VIDYALAYAM,"NACHCHIKUDA, CHINABAY, TRINCOMALEE",Eastern,53.Trincomalee,Trincomalee,Trincomalee Town,4.Type3,provincial
16222,SANGAMA MODEL VILLAGE PRIMARY SCHOOL,"SANGAMA, CHINABAY, TRINCOMALEE",Eastern,53.Trincomalee,Trincomalee,Trincomalee Town,4.Type3,provincial
16223,AL-MANAR VIDYALAYAM,"NEW JETTY ROAD, MUTUR-01",Eastern,53.Trincomalee,Muttur,Muttur,3.Type2,provincial
16224,SATHAM VIDYALAYA,"NADUTHEEVU, MUTUR",Eastern,53.Trincomalee,Muttur,Muttur,3.Type2,provincial
16225,SRI GANESHA VIDYALAYAM,THANGAPUARAM PALLIKKUDIYIRUPPU THOPPUR,Eastern,53.Trincomalee,Muttur,Muttur,4.Type3,provincial
16226,KIRAVATKULI SIVASHAKTHI VIDYALAYAM,"SANTHOSAPAURAM, KADATKARAICHCHANAI, MUTUR",Eastern,53.Trincomalee,Muttur,Muttur,4.Type3,provincial
16227,VIVEKANANTHA VIDYALAYAM,"MANALCHENAI, MALLIKAITHIVU, MUTUR",Eastern,53.Trincomalee,Muttur,Muttur,4.Type3,provincial
16228,KINNYA ADHAN VIDYALAYAM,"ANNAL NAGER, KINNIYA",Eastern,53.Trincomalee,Kinniya,Kinniya,2.1C,provincial
16229,TB JAYA GIRL'S VIDYALAYAM,"ANNAL STREET, KINNIYA-03",Eastern,53.Trincomalee,Kinniya,Kinniya,2.1C,provincial
16230,AR-RAUFF MUSLIM VIDYALAYA,"PERARU 01, KANTALE",Eastern,53.Trincomalee,Kantale,Kantale,4.Type3,provincial
16231,ASSAFA VIDYALAYA,"UNIT 02, PERARU, KANTALE",Eastern,53.Trincomalee,Kantale,Kantale,3.Type2,provincial
16232,JINNAHPURAM GOVERNMENT MUSLIM MIXED SCHOOL,"JINNAH PURAM, PULMODDAI, TRINCOMALEE",Eastern,53.Trincomalee,Trincomalee,Kuchchaveli,3.Type2,provincial
16233,ARAFATH MAHA VIDYALAYAM,ARAFATH NAGAR PULMODDAI 01,Eastern,53.Trincomalee,Trincomalee,Kuchchaveli,2.1C,provincial
16234,THENNAMARAVADI GOVT TAMIL MIXED SCHOOL,"WARD NO. 5, THENNAMARAVADI, PULMODDAI",Eastern,53.Trincomalee,Trincomalee,Kuchchaveli,4.Type3,provincial
16235,IRAKKANDI SINHALA VIDYALAYA,"IRAKKANDI, NILAVELI, TRINCOMALEE",Eastern,53.Trincomalee,Trincomalee,Kuchchaveli,3.Type2,provincial
16236,ILANTHAIKULAM GOVERNMENT MUSLIM MIXED SCHOOL,"PALWAKKAI KULAM, KUCHCHAVELI, TRINCOMALEE",Eastern,53.Trincomalee,Trincomalee,Kuchchaveli,4.Type3,provincial
16237,KALLARAWA ST. ANTONY'S VIDYALAYA,"KALLARAWA, THIRIYAYA, TRINCOMALEE",Eastern,53.Trincomalee,Trincomalee,Kuchchaveli,4.Type3,provincial
16238,PERAMADUWA VIDYALAYA,"PERAMADUWA, AGBOPURA, KANTHALE",Eastern,53.Trincomalee,Kantale,Kantale,3.Type2,provincial
16240,AYSHA GIRLS MAHA VIDYALAYA,PERARU KANTALE,Eastern,53.Trincomalee,Kantale,Kantale,2.1C,provincial
16241,ABDUL MAJEED VIDYALAYAM,BATTICALOA ROAD KINNIYA 01,Eastern,53.Trincomalee,Kinniya,Kinniya,3.Type2,provincial
16242,AL-FURKKAN VIDYALAYAM,SINNAMPILLAICHCHENAI VELLAIMANAL,Eastern,53.Trincomalee,Kinniya,Kinniya,3.Type2,provincial
16243,KALLADI SRI MALAINEELI YAMMAN VIDYALAYAM,KALLADI MAWADICHCHENAF MUTHUR,Eastern,53.Trincomalee,Muttur,Echchilampattu,3.Type2,provincial
16244,PUNNAYADI NAMAHAL VIDYALAYAM,"MAIN ROAD, PUNNAYADI, EACHCHILAMPATTU",Eastern,53.Trincomalee,Muttur,Echchilampattu,4.Type3,provincial
16245,ELANKATHURAI ALAIMAKAL VIDYALAYAM,ELANKAITHURAI ECHCHILAMPATTU,Eastern,53.Trincomalee,Muttur,Echchilampattu,4.Type3,provincial
16246,SRI SITHTHIVINAYAGAR VIDYALAYAM,POOMARATHTHADICHCHENAI EACHCHILAMPATTU,Eastern,53.Trincomalee,Muttur,Echchilampattu,4.Type3,provincial
16247,CHENAIYOOR VIDYALAYAM,MAWADICHCHENAI,Eastern,53.Trincomalee,Muttur,Echchilampattu,4.Type3,provincial
16248,THIRUKKONESWARA VIDYALAYAM,PERIYAKULAM,Eastern,53.Trincomalee,Trincomalee,Kuchchaveli,3.Type2,provincial
16249,HAMIDIYA NAGAR MUSLIM VIDYALAYAM,HAMEEDIYANAGR NAGAR UNIT-08 MULLIPOTHANA,Eastern,53.Trincomalee,Kinniya,Mullipothana,4.Type3,provincial
16250,AL-HAIRIYA VIDYALAYAM,"HAIRIYA NAGAR, MUTUR-05",Eastern,53.Trincomalee,Muttur,Muttur,4.Type3,provincial
16251,AL-HUSSAINIYA VIDYALAYA,"PALA NAGAR, MUTUR-02",Eastern,53.Trincomalee,Muttur,Muttur,3.Type2,provincial
16252,PUVANESWARY VIDYALAYAM,"MARUTHANAGAR, CHENAIYOOR-06, MUTUR",Eastern,53.Trincomalee,Muttur,Muttur,4.Type3,provincial
16253,MALAIMUNTHAL MALAIMAHAL VIDYALAYAM,"NEENAKKENY, NALLOOR, THOPPUR",Eastern,53.Trincomalee,Muttur,Muttur,4.Type3,provincial
16254,AL-AMAAN VIDYALAYAM,SELVANAGAR THOPPUR,Eastern,53.Trincomalee,Muttur,Muttur,4.Type3,provincial
16255,DHARMARAJA VIDYALAYA,"SARDHAPURA, KANDY ROAD, TRINCOMALEE",Eastern,53.Trincomalee,Trincomalee,Trincomalee Town,3.Type2,provincial
16256,VIDDAVAN SRI THANTHOONREESVARAR VIDYALAYAM,VIDDAVN MAVADICHCENAI MUTUR,Eastern,53.Trincomalee,Muttur,Echchilampattu,4.Type3,provincial
16257,SINNAKKULAM G.T.M.S.,PALLIKKUDIYIRUPPU THOPPUR,Eastern,53.Trincomalee,Muttur,Muttur,4.Type3,provincial
16258,JAYA VIDYALAYAM,"JAYA STREET, MUTUR-04",Eastern,53.Trincomalee,Muttur,Muttur,4.Type3,provincial
16259,ABDUL HAMEED VIDYALAYAM,KAKAMUNAI KINNIYA,Eastern,53.Trincomalee,Kinniya,Kurinchakerny,4.Type3,provincial
16260,AL AKTHAB VIDYALAYAM,RAHMANIYA NAGAR KINNIYA-01,Eastern,53.Trincomalee,Kinniya,Kinniya,4.Type3,provincial
16261,AN NOOR VIDYALAYAM,SHANTHY NAGAR SOORANGAL KURINCHCHAKERY,Eastern,53.Trincomalee,Kinniya,Kurinchakerny,4.Type3,provincial
16262,EACHCHANAGAR AL-MADEENA VIDYALAY,EACHCHANAGAR MULLIPOTHANA,Eastern,53.Trincomalee,Kinniya,Mullipothana,4.Type3,provincial
16263,BARATHIPURAM PARASAKTHI VIDYALAYAM,"BARATHIPURAM, THAMPALAKAMAM",Eastern,53.Trincomalee,Trincomalee,Thampalakamam,4.Type3,provincial
16264,PANSALGODELLA PRIMARY SCHOOL,"PANSALGODELLA, WANELA, KANTALE",Eastern,53.Trincomalee,Kantale,Kantale,4.Type3,provincial
16266,UPPARU VAISHNAVI VIDYALAYAM,SINNATHTHODDAM FAIZAL NAGAR KINNIYA,Eastern,53.Trincomalee,Kinniya,Kinniya,3.Type2,provincial
16267,AL-MADEENA VIDYALAYAM,KAKAMUNAI KINNIYA,Eastern,53.Trincomalee,Kinniya,Kurinchakerny,4.Type3,provincial
16268,MUTTUR SIVASAKTHY VIDYALAYA,UPPOORAL EACHCHILAMPATTU,Eastern,53.Trincomalee,Muttur,Echchilampattu,4.Type3,provincial
16269,SEENANVELI ATHAVAN VIDYALAYAM,"SEENANVELI, EACHCHILAMPATTU",Eastern,53.Trincomalee,Muttur,Echchilampattu,4.Type3,provincial
16270,AL-AZHAR MUSLIM VIDYALAYAM,EHUTHAR NAGAR KINNIYA,Eastern,53.Trincomalee,Kinniya,Kinniya,4.Type3,provincial
16271,MEERA NAGAR MUSLIM VIDYALAYAM,MEERA NAGAR THAMPALAGAMAM,Eastern,53.Trincomalee,Kinniya,Mullipothana,3.Type2,provincial
16272,MUTUR MUSLIM LADIES COLLEGE,"NEW JETTY ROAD, MUTUR-01",Eastern,53.Trincomalee,Muttur,Muttur,2.1C,provincial
16274,ASHRAFF VIDYALAYA,"NEITHAL NAGAR, MUTUR-01",Eastern,53.Trincomalee,Muttur,Muttur,4.Type3,provincial
16275,HAKEEM VIDYALAYAM,"BAHRIYA NAHAR, VADDAM, MUTUR-01",Eastern,53.Trincomalee,Muttur,Muttur,4.Type3,provincial
16276,AYISHA VIDYALAYAM,MOSQUE ROAD AKKARAICHENAI MUTUR-01,Eastern,53.Trincomalee,Muttur,Muttur,3.Type2,provincial
16277,FURKKANIYA VIDYALAYAM,M.H.M.ASRAFF ROAD,Eastern,53.Trincomalee,Muttur,Muttur,4.Type3,provincial
16278,SRI MATHUMAI AMBAL VIDYALAYAM,ALLESS GARDEN TRINCOMALEE,Eastern,53.Trincomalee,Trincomalee,Trincomalee Town,3.Type2,provincial
16279,AS SALAH VIDYALAYAM,SATHAM NAGAR MULLIPOTHANA,Eastern,53.Trincomalee,Kinniya,Mullipothana,4.Type3,provincial
16280,AZ ZAKARIYA VIDYALAYAM,MAHAMARU KULAM KINNIYA,Eastern,53.Trincomalee,Kinniya,Kurinchakerny,4.Type3,provincial
16281,OUR LADY OF LOURDES ROMAN CATHOLIC VIDYALAYAM,"CHURCH ROAD, PALAIYOOTHU, TRINCOMALEE",Eastern,53.Trincomalee,Trincomalee,Trincomalee Town,4.Type3,provincial
16282,DHARUL JANNAH VIDYALAYAM,"RDS ROAD, AKKARAICHENAI, MUTUR-01",Eastern,53.Trincomalee,Muttur,Muttur,4.Type3,provincial
16283,IYNGARAN VIDYALAYAM,"SANTHANAVEDDAI, KADDAIPARICHCHAN-02, MUTHUR",Eastern,53.Trincomalee,Muttur,Muttur,4.Type3,provincial
16284,UMAR FAROOK VIDYALAYAM,HABEEB NAGAR MUTHUR,Eastern,53.Trincomalee,Muttur,Muttur,4.Type3,provincial
16285,AS-SAFA MUSLIM VIDYALAYAM,"SAFA NAGAR, PULMODDAI-01, TRINCOMALEE",Eastern,53.Trincomalee,Trincomalee,Kuchchaveli,4.Type3,provincial
16287,AN NAJEEB VIDYALAYAM,SIRAJ NAGAR THAMPALAGAMAM,Eastern,53.Trincomalee,Kinniya,Mullipothana,4.Type3,provincial
16288,AL-HATHI VIDYALAYAM,SELVANAGAR THOPPUR,Eastern,53.Trincomalee,Muttur,Muttur,4.Type3,provincial
16291,GIRLS' HIGH SCHOOL,"ABAYAPURA, TRINCOMALEE",Eastern,53.Trincomalee,Trincomalee,Trincomalee Town,2.1C,provincial
16293,KUMPURUPIDDY JUNIOR SCHOOL,"KUMPURUPIDDY, TRINCOMALEE",Eastern,53.Trincomalee,Trincomalee,Kuchchaveli,4.Type3,provincial
16294,AL-ZAHIR VIDYALAYAM,ALLAINAGAR THOPPUR-31250,Eastern,53.Trincomalee,Muttur,Muttur,4.Type3,provincial
16295,SIRAJ JUNIOR VIDYALAYAM,SIRAJ NAGAR THAMPALAGAMAM,Eastern,53.Trincomalee,Kinniya,Mullipothana,4.Type3,provincial
16296,AGBOPURA JUNIOR VIDYALAYA,"AGBOPURA, KANTALE",Eastern,53.Trincomalee,Kantale,Kantale,4.Type3,provincial
16297,PADAVI PALUGAHAWANGUWA P.V.,PADAVI SRIPURA,Eastern,53.Trincomalee,Trincomalee North,Padavi Sripura,4.Type3,provincial
16298,SALMA GIRLS VIDYALAYAM,IQBAL NAGAR THOPPUR,Eastern,53.Trincomalee,Muttur,Muttur,4.Type3,provincial
16299,SALAMIYA VIDYALAYAM,"SALAMIYA STREET, PULMODDAI -03, TRINCOMALEE",Eastern,53.Trincomalee,Trincomalee,Kuchchaveli,4.Type3,provincial
16300,SATHAM MUSLIM VIDYALAYAM,"TOWER ROAD, PULMODDAI-04, TRINCOMALEE",Eastern,53.Trincomalee,Trincomalee,Kuchchaveli,4.Type3,provincial
16301,GANTHALAWA JUNIOR SCHOOL,"MOLLIPOTHANA, KANTHALE",Eastern,53.Trincomalee,Kantale,Kantale,4.Type3,provincial
16302,MAHAWELIGAMA JUNIOR SCHOOL,"SERUNUWARA, KANTHALE",Eastern,53.Trincomalee,Kantale,Seruvila,4.Type3,provincial
16303,MOLLIPOTHANA PRIMARY SCHOOL,"96, MOILLIPOTHANA",Eastern,53.Trincomalee,Kantale,Kantale,4.Type3,provincial
16304,AL-HIJRA JUNIOR VIDYALAYAM,HIJRAPURAM MULLIPOTHANA,Eastern,53.Trincomalee,Kinniya,Mullipothana,4.Type3,provincial
16305,SHIVANANTHA JUNIOR VIDYALAYAM,ECHCHILAKPATTU,Eastern,53.Trincomalee,Muttur,Echchilampattu,4.Type3,provincial
16306,ELANGAITHURAIMUGATHUWARAM JUNIOR SCHOOL,EACHCHILAMPATTU,Eastern,53.Trincomalee,Muttur,Echchilampattu,4.Type3,provincial
16307,"KARUMALAIYOOTHU,MUSLIM VIDYALAYAM","VELLAIMANAL, CHINABAY, TRINCOMALEE",Eastern,53.Trincomalee,Trincomalee,Trincomalee Town,4.Type3,provincial
16308,ABHAYAPURA PRIMARY SCHOOL,"THULSIPURA, TRINCOMALEE",Eastern,53.Trincomalee,Trincomalee,Trincomalee Town,4.Type3,provincial
16309,VISHWA PRATHIBHA P.V.,GOMARANKADAWALA,Eastern,53.Trincomalee,Trincomalee North,Gomarankadawala,4.Type3,provincial
16310,SWARNAJAYANTHI P.V.,"1ST STAGE, MAHADIULWEWA, TRINCOMALEE",Eastern,53.Trincomalee,Trincomalee North,Morawewa,4.Type3,provincial
16311,ABOOBUCKER M.P. VIDYALAYAM,PANICHCHADY AARU KINNIYA,Eastern,53.Trincomalee,Kinniya,Kurinchakerny,4.Type3,provincial
16312,DR. K.M.H. KALIDEEN VIDYALAYAM,WATTAMADU MANIYARASAN KULAM KINNIYA,Eastern,53.Trincomalee,Kinniya,Kurinchakerny,4.Type3,provincial
16313,THOWFEEK VIDYALAYAM,PANICHCHAM KULAM AYLIYADY KINNIYA,Eastern,53.Trincomalee,Kinniya,Kurinchakerny,4.Type3,provincial
16314,AL-IRFAN JUNIOR VIDYALAYAM,FAIZAL NAGAR KINNIYA,Eastern,53.Trincomalee,Kinniya,Kinniya,4.Type3,provincial
16315,ROYAL JUNIOR SCHOOL,THOPPUR,Eastern,53.Trincomalee,Muttur,Muttur,4.Type3,provincial
16316,MUTHUR NAJEEB ABDUL MAJEED VIDYALAYAM,"KNOX ROAD, MUTHUR-05",Eastern,53.Trincomalee,Muttur,Muttur,4.Type3,provincial
16317,WANELA JUNIOR SCHOOL,WANELA KANTALE,Eastern,53.Trincomalee,Kantale,Kantale,4.Type3,provincial
16318,NAVATCHOLAI JUNIOR SCHOOL,"NAVATCHOLAI, KUMPURUPIDDY, TRINCOMALEE",Eastern,53.Trincomalee,Trincomalee,Kuchchaveli,4.Type3,provincial
16319,A.M.M. MUSTHAFA VIDYALAYAM,VILVELI KINNIYA,Eastern,53.Trincomalee,Kinniya,Kurinchakerny,4.Type3,provincial
16320,AL-AQSHA PRIMARY SCHOOL,SINNA KINNIYA KINNIYA,Eastern,53.Trincomalee,Kinniya,Kinniya,4.Type3,provincial
16321,IQRA VIDYALAYAM,BATTICALOA ROAD KINNIYA,Eastern,53.Trincomalee,Kinniya,Kinniya,3.Type2,provincial
16322,YOOSUFF VIDYALAYAM,POOVARASAN THEEVU,Eastern,53.Trincomalee,Kinniya,Kurinchakerny,4.Type3,provincial
16323,AN-NOORIYA JUNIOR SCHOOL,"WARD NO.4, KUCHCHAVELI, TRINCOMALEE",Eastern,53.Trincomalee,Trincomalee,Kuchchaveli,4.Type3,provincial
16324,ATHY AMMANKENY VIDYALAYAM,ATHYAMMANKENY LINGAPURAM KILIVEDDY,Eastern,53.Trincomalee,Muttur,Muttur,4.Type3,provincial
16325,KONESAPURI TAMIL VIDYALAYAM,"NILAVELI, TRINCOMALEE",Eastern,53.Trincomalee,Trincomalee,Kuchchaveli,4.Type3,provincial
16326,AL-THARIQUE JUNIOR VIDYALAYA,"PERARU 01, KANTALE",Eastern,53.Trincomalee,Kantale,Kantale,4.Type3,provincial
16327,KOOFA VIDYALAYAM,MAJEED NAGAR MUTUR-05,Eastern,53.Trincomalee,Muttur,Muttur,4.Type3,provincial
16328,AL-HAMRA MUSLIM BOYS' SCHOOL,"WARD NO.04, IRAKKAKANDY, TRINCOMALEE",Eastern,53.Trincomalee,Trincomalee,Kuchchaveli,3.Type2,provincial
16329,CHENAIYOOR JUNIOR SCHOOL,"CHENAIYOOR-06, KADDAIPARICHAN, MUTUR-",Eastern,53.Trincomalee,Muttur,Muttur,4.Type3,provincial
16330,AL-HILAL JUNIOR SCHOOL,"NEW JETTY ROAD, MUTUR-01",Eastern,53.Trincomalee,Muttur,Muttur,4.Type3,provincial
16331,THAIB NAGAR MUSLIM VIDYALAYAM,"THAIB NAGAR, THAMPALAGAMAM",Eastern,53.Trincomalee,Kinniya,Mullipothana,4.Type3,provincial
16332,SRI RAMAKRISHNA TAMIL VIDYALAYAM,"VILANKULAM, TRINCOMALEE",Eastern,53.Trincomalee,Trincomalee,Thampalakamam,4.Type3,provincial
16333,VELLAIMANAL P.V.,"VELLAIMANAL, CHINABAY, TRINCOMALEE",Eastern,53.Trincomalee,Trincomalee,Trincomalee Town,4.Type3,provincial
