census_no,school_name,school_address,province,district,zone,education_division,school_type,category
23002,EREPOLA SRI MAHINDA V.,"EREPOLA, EHALIYAGODA",Sabaragamuwa,91.Ratnapura,Ratnapura,Eheliyagoda,1.1AB,provincial
23003,UDUWAKA SIDDHARTHA M.V.,"UDUWAKA, GETAHETHTHA",Sabaragamuwa,91.Ratnapura,Ratnapura,Eheliyagoda,2.1C,provincial
23004,NUGADANDA M.V.,"NUGADANDA, KALATUWAWA",Sabaragamuwa,91.Ratnapura,Ratnapura,Eheliyagoda,2.1C,provincial
23005,GETAHATTA ANURA M.V.,GETAHATTA,Sabaragamuwa,91.Ratnapura,Ratnapura,Eheliyagoda,2.1C,provincial
23006,EHELIYAGODA PRIMARY SCHOOL,EHELIYAGODA,Sabaragamuwa,91.Ratnapura,Ratnapura,Eheliyagoda,4.Type3,provincial
23007,EHELIYAGODA DHARMAPALA M.V.,EHELIYAGODA,Sabaragamuwa,91.Ratnapura,Ratnapura,Eheliyagoda,1.1AB,provincial
23008,SRI RAHULA V.,EHALIYAGODA,Sabaragamuwa,91.Ratnapura,Ratnapura,Eheliyagoda,3.Type2,provincial
23009,IDDAMALGODA SENIOR SCHOOL,"IDDAMALGODA, GETAHETHTHA",Sabaragamuwa,91.Ratnapura,Ratnapura,Eheliyagoda,3.Type2,provincial
23010,UDUMATHTHA MIHINDU M. V.,EHELIYAGODA,Sabaragamuwa,91.Ratnapura,Ratnapura,Eheliyagoda,2.1C,provincial
23011,KALUANDURA V.,"KALUANDURA, HEWAINNA",Sabaragamuwa,91.Ratnapura,Ratnapura,Eheliyagoda,3.Type2,provincial
23012,ANDAGALA SUGATHA BUDDHI V.,EHELIYAGODA,Sabaragamuwa,91.Ratnapura,Ratnapura,Eheliyagoda,3.Type2,provincial
23013,THORANAKADA DHARMARAJA V.,"THORANAKADA, EHELIYAGODA",Sabaragamuwa,91.Ratnapura,Ratnapura,Eheliyagoda,3.Type2,provincial
23014,DIURUMPITIYA SAMAN V.,AWISSAWELLA,Sabaragamuwa,91.Ratnapura,Ratnapura,Eheliyagoda,3.Type2,provincial
23015,DEIYAGALA V.,GETAHETTA,Sabaragamuwa,91.Ratnapura,Ratnapura,Eheliyagoda,3.Type2,provincial
23016,PALEEGALA V.,EHELIYAGODA,Sabaragamuwa,91.Ratnapura,Ratnapura,Eheliyagoda,3.Type2,provincial
23017,BOPATHTHA M.V.,"BOPTHTHA, GETAHATHTHA",Sabaragamuwa,91.Ratnapura,Ratnapura,Eheliyagoda,2.1C,provincial
23018,HEWAINNA KANDA V.,"HEWAINNA, AVISSAWELLA",Sabaragamuwa,91.Ratnapura,Ratnapura,Eheliyagoda,3.Type2,provincial
23019,KARANDANA NORTH V.,KARANDANA NORTH- KALATUWAWA,Sabaragamuwa,91.Ratnapura,Ratnapura,Eheliyagoda,4.Type3,provincial
23020,KIRIPORUWA V.,"ERAPOLA, EHELIYAGODA",Sabaragamuwa,91.Ratnapura,Ratnapura,Eheliyagoda,3.Type2,provincial
23021,MITIPOLA M.V.,"MITIPOLA, EHELIYAGODA",Sabaragamuwa,91.Ratnapura,Ratnapura,Eheliyagoda,3.Type2,provincial
23022,RATNAPURA HIDURANGALA V.,"HIDURANGALA, KIRIELLA",Sabaragamuwa,91.Ratnapura,Ratnapura,Eheliyagoda,3.Type2,provincial
23023,WEWILA V.,"WEWILA, KALATUWAWA",Sabaragamuwa,91.Ratnapura,Ratnapura,Eheliyagoda,3.Type2,provincial
23024,KALATUWAWA WEST V.,THUMMODARA,Sabaragamuwa,91.Ratnapura,Ratnapura,Eheliyagoda,3.Type2,provincial
23025,M.RA SWARNA JAYANTHI V.,"MHARA, EHALIYAGODA",Sabaragamuwa,91.Ratnapura,Ratnapura,Eheliyagoda,3.Type2,provincial
23027,WILEGODA WIJENAYAKA V.,"WILEGODA, EHELIYAGODA",Sabaragamuwa,91.Ratnapura,Ratnapura,Eheliyagoda,4.Type3,provincial
23028,MAPOTA V.,"MAPOTA, KALATUWAWA",Sabaragamuwa,91.Ratnapura,Ratnapura,Eheliyagoda,3.Type2,provincial
23029,ELLAWALA M. V.,ELLAWALA,Sabaragamuwa,91.Ratnapura,Ratnapura,Kuruwita,2.1C,provincial
23030,KARADANA SRI JINARATHANA V.,KARADANA,Sabaragamuwa,91.Ratnapura,Ratnapura,Eheliyagoda,1.1AB,provincial
23031,KIRIELLA CENTRAL COLLEGE,KIRIELLA,Sabaragamuwa,91.Ratnapura,Ratnapura,Kuruwita,1.1AB,provincial
23032,PATHBERIYA NARADA CENTRAL COLLEGE,"PATHBERIYA, PARAKADUWA",Sabaragamuwa,91.Ratnapura,Ratnapura,Kuruwita,1.1AB,provincial
23033,PUSSALLA M.V.,"PUSSALLA, PARAKADUWA",Sabaragamuwa,91.Ratnapura,Ratnapura,Kuruwita,2.1C,provincial
23034,RATNAPURA ELLAGAWA V.,ELLAGAWA,Sabaragamuwa,91.Ratnapura,Ratnapura,Kuruwita,3.Type2,provincial
23035,EPITAWALA V.,"EPITAWALA, KIRIELLA",Sabaragamuwa,91.Ratnapura,Ratnapura,Kuruwita,3.Type2,provincial
23036,ELLAVALA KANISHTA V.,"ELLAWALA, EHELIYAGODA",Sabaragamuwa,91.Ratnapura,Ratnapura,Kuruwita,4.Type3,provincial
23037,ELLAWALA PARANAGAMA V.,PARANAGAMA,Sabaragamuwa,91.Ratnapura,Ratnapura,Kuruwita,3.Type2,provincial
23038,ELLAWALA PAHALAGAMA V.,"PAHALAGAMA, ELLAWALA",Sabaragamuwa,91.Ratnapura,Ratnapura,Kuruwita,3.Type2,provincial
23039,KARADANA JUNIOR SCHOOL,KARADANA,Sabaragamuwa,91.Ratnapura,Ratnapura,Eheliyagoda,4.Type3,provincial
23040,AMUHENKANDA SRI WIMALASARA M. V.,"THSLSWITIYA, PARAKADUWA",Sabaragamuwa,91.Ratnapura,Ratnapura,Kuruwita,2.1C,provincial
23041,POHORABHAWA M.V.,"POHORABAWA, PARAKADUWA",Sabaragamuwa,91.Ratnapura,Ratnapura,Kuruwita,2.1C,provincial
23042,WEST MUDUNKOTUWA V.,KIRIELLA,Sabaragamuwa,91.Ratnapura,Ratnapura,Kuruwita,3.Type2,provincial
23043,BODIMALUWA V.,"BODIMALUWA, PARAKADUWA",Sabaragamuwa,91.Ratnapura,Ratnapura,Kuruwita,4.Type3,provincial
23044,MATUWAGALA V.,"MATUWAGALA, KIRIELLA",Sabaragamuwa,91.Ratnapura,Ratnapura,Kuruwita,3.Type2,provincial
23045,THALAWITIYA SIRISAMAN V.,EHELIYAGODA,Sabaragamuwa,91.Ratnapura,Ratnapura,Kuruwita,3.Type2,provincial
23046,MUDUNKOTUWA EAST V.,PARAKADUWA,Sabaragamuwa,91.Ratnapura,Ratnapura,Kuruwita,3.Type2,provincial
23047,RATNAPURA SIRISAMANPURA V.,KARANDANA,Sabaragamuwa,91.Ratnapura,Ratnapura,Eheliyagoda,4.Type3,provincial
23049,DIKDENIYA V.,"DIKDENIYA, PARAKADUWA",Sabaragamuwa,91.Ratnapura,Ratnapura,Kuruwita,3.Type2,provincial
23050,KALUWAWALATHANNA V.,"KALUWAWATHANNA, ELLAGAWA",Sabaragamuwa,91.Ratnapura,Ratnapura,Kuruwita,4.Type3,provincial
23051,KIRIELLA SRI DEWARAKKITHA PRIMARY SCHOOL,"IDANGODA, KIRIELLA",Sabaragamuwa,91.Ratnapura,Ratnapura,Kuruwita,4.Type3,provincial
23055,NUGADANDA BHADRAWATHIE V.,"NUGADANDA, KALATUWAWA",Sabaragamuwa,91.Ratnapura,Ratnapura,Eheliyagoda,4.Type3,provincial
23056,HANDURUKANDA V.,KIRIELLA,Sabaragamuwa,91.Ratnapura,Ratnapura,Kuruwita,4.Type3,provincial
23057,PARAKADUWA PRIMARY SCHOOL,PARAKADUWA,Sabaragamuwa,91.Ratnapura,Ratnapura,Kuruwita,4.Type3,provincial
23058,MENERIPITIYA V.,"GALAHITIYA, PARAKADUWA",Sabaragamuwa,91.Ratnapura,Ratnapura,Kuruwita,4.Type3,provincial
23059,LELLAGODA SRI SUMANATHISSA V.,"MILLAWITIYA, KURUVITA",Sabaragamuwa,91.Ratnapura,Ratnapura,Kuruwita,3.Type2,provincial
23063,SRIPADA MADYA M. V.,"PALABADDALA, RATNAPURA",Sabaragamuwa,91.Ratnapura,Ratnapura,Sri Pada,1.1AB,provincial
23064,MALWALA NAWODYA M. V.,"MALWALA JUNCTION, MALWALA, RATHNAPURA",Sabaragamuwa,91.Ratnapura,Ratnapura,Sri Pada,1.1AB,provincial
23065,RATNAPURA SRI SUMANA M. V.,"MUDDUWA, RATNAPURA",Sabaragamuwa,91.Ratnapura,Ratnapura,Ratnapura,2.1C,provincial
23066,RATNAPURA SEEVALEE M.V.,"A.C.ATIGALA MW, RATHNAPURA",Sabaragamuwa,91.Ratnapura,Ratnapura,Ratnapura,2.1C,provincial
23067,RATNAPURA ST. LUKE'S COLLEGE,RATNAPURA,Sabaragamuwa,91.Ratnapura,Ratnapura,Ratnapura,2.1C,provincial
23069,VIDYARAJA V.,"BATUGEDARA, RATNAPURA",Sabaragamuwa,91.Ratnapura,Ratnapura,Ratnapura,2.1C,provincial
23070,RATNAPURA DHARMAPALA M.V.,RATNAPURA,Sabaragamuwa,91.Ratnapura,Ratnapura,Ratnapura,2.1C,provincial
23071,RATHNAPURA ROYAL COLLEGE,"GATANGAMA, RATHNAPURA",Sabaragamuwa,91.Ratnapura,Ratnapura,Ratnapura,2.1C,provincial
23072,GILIMALE SAMANALA V.,"GILIMALE, RATHNAPURA",Sabaragamuwa,91.Ratnapura,Ratnapura,Sri Pada,3.Type2,provincial
23073,RATHGAMA V.,GALLALLA RATHNAPURA,Sabaragamuwa,91.Ratnapura,Ratnapura,Sri Pada,4.Type3,provincial
23074,PUNCHIGAMA SIDUHATH V.,GALABADA GALLALLA,Sabaragamuwa,91.Ratnapura,Ratnapura,Sri Pada,3.Type2,provincial
23075,THIRIWANAKETIYA V.,"THIRIWANAKETIYA, RATHNAPURA",Sabaragamuwa,91.Ratnapura,Ratnapura,Ratnapura,3.Type2,provincial
23076,RATNAPURA DHARMARAJA V.,GODIGAMUWA RATNAPURA,Sabaragamuwa,91.Ratnapura,Ratnapura,Ratnapura,3.Type2,provincial
23077,KUDAAWA V.,"RATHGANGA, KUDAWA",Sabaragamuwa,91.Ratnapura,Ratnapura,Sri Pada,3.Type2,provincial
23078,NILWALA V.,NILWALA KUDAWA RATHNAPURA,Sabaragamuwa,91.Ratnapura,Ratnapura,Sri Pada,4.Type3,provincial
23079,RATHTHURUGALA V.,RATHTHURUGALA GIRIMALE,Sabaragamuwa,91.Ratnapura,Ratnapura,Sri Pada,3.Type2,provincial
23080,ETHOYA SARASAVI V.,"ETHOYA, RATHNAPURA",Sabaragamuwa,91.Ratnapura,Ratnapura,Ratnapura,3.Type2,provincial
23081,ETHTHOTA V.,ETHTHOTA GALLALLA RATHNAPURA,Sabaragamuwa,91.Ratnapura,Ratnapura,Sri Pada,4.Type3,provincial
23082,HELAKANDA V.,GALLALLA,Sabaragamuwa,91.Ratnapura,Ratnapura,Sri Pada,4.Type3,provincial
23083,LIYANDAWELA V.,"GILIMALE, RATNAPURA",Sabaragamuwa,91.Ratnapura,Ratnapura,Sri Pada,4.Type3,provincial
23084,KETAWALA V.,"KETAWALA, GILIMALE",Sabaragamuwa,91.Ratnapura,Ratnapura,Sri Pada,3.Type2,provincial
23089,RATHNAPURA MIHIDU V.,RATHNAPURA,Sabaragamuwa,91.Ratnapura,Ratnapura,Ratnapura,2.1C,provincial
23091,MEEHITIYA V.,"MALWALA, RATHNAPURA",Sabaragamuwa,91.Ratnapura,Ratnapura,Sri Pada,4.Type3,provincial
23093,ERATHNA M. V.,"ERATHNA, KURUVITA",Sabaragamuwa,91.Ratnapura,Ratnapura,Kuruwita,2.1C,provincial
23095,PATHAGAMA M. V.,"PATHAGAMA, KURUVITA",Sabaragamuwa,91.Ratnapura,Ratnapura,Kuruwita,2.1C,provincial
23096,TEPPANAWA KUMARA M.V.,"MADAGAMA, TEPPANAWA, KURUVITA",Sabaragamuwa,91.Ratnapura,Ratnapura,Kuruwita,2.1C,provincial
23097,DODAMPE SRI RAHULA M.V.,"MILLAKADE, DODAMPE, RATNAPURA",Sabaragamuwa,91.Ratnapura,Ratnapura,Kuruwita,2.1C,provincial
23098,BATUHENA M. V.,"HIDELLANA, RATHNAPURA",Sabaragamuwa,91.Ratnapura,Ratnapura,Ratnapura,2.1C,provincial
23099,SUMANA SAMAN M.V.,"DEWALAYAGAWA, RATNAPURA.",Sabaragamuwa,91.Ratnapura,Ratnapura,Ratnapura,2.1C,provincial
23100,SUDAGALA SRI RAHULA V.,KURUVITA,Sabaragamuwa,91.Ratnapura,Ratnapura,Kuruwita,3.Type2,provincial
23101,EKNALIGODA V.,KURUVITA,Sabaragamuwa,91.Ratnapura,Ratnapura,Kuruwita,3.Type2,provincial
23102,RATHNAPURA KANDANGODA V.,KURUVITA,Sabaragamuwa,91.Ratnapura,Ratnapura,Kuruwita,3.Type2,provincial
23103,KAHANGAMA BAUDDHA M.V.,"KAHANGAMA, RATNAPURA",Sabaragamuwa,91.Ratnapura,Ratnapura,Ratnapura,2.1C,provincial
23105,KOSGALA V.,"KAHANGAMA, RATHNAPURA",Sabaragamuwa,91.Ratnapura,Ratnapura,Kuruwita,3.Type2,provincial
23106,KOSPALAWINNA V.,RATHNAPURA,Sabaragamuwa,91.Ratnapura,Ratnapura,Ratnapura,3.Type2,provincial
23107,BATATHOTA V.,"BATATHOTA, KURUVITA",Sabaragamuwa,91.Ratnapura,Ratnapura,Kuruwita,3.Type2,provincial
23108,RATNAPURA MANDADENIYA V.,"DODAMPE, RATNAPURA",Sabaragamuwa,91.Ratnapura,Ratnapura,Kuruwita,3.Type2,provincial
23109,MALANKANDA V.,"HIDALLANA, RATNAPURA",Sabaragamuwa,91.Ratnapura,Ratnapura,Ratnapura,3.Type2,provincial
23110,M.WATHTHAKANDA V.,"BATATHOTA, KURUVITA",Sabaragamuwa,91.Ratnapura,Ratnapura,Kuruwita,4.Type3,provincial
23111,THUNANDAHENA V.,"THUNANDAHENA DODAMPE, RATHNAPURA",Sabaragamuwa,91.Ratnapura,Ratnapura,Kuruwita,3.Type2,provincial
23112,RATNAPURA PAHALAGAMA BAUDDHA V.,"THEPPANAWA, KURUVITA, RATNAPURA",Sabaragamuwa,91.Ratnapura,Ratnapura,Kuruwita,3.Type2,provincial
23113,SRI SARANAJOTHI THISSA V.,"DEVIPAHALA, KURUWAITA",Sabaragamuwa,91.Ratnapura,Ratnapura,Kuruwita,3.Type2,provincial
23114,WALANDURA DHARMAPALA V.,"WALANDURA, KURUVITA",Sabaragamuwa,91.Ratnapura,Ratnapura,Kuruwita,3.Type2,provincial
23115,HALPE UPANANDA V.,"DODAMPE, RATHNAPURA",Sabaragamuwa,91.Ratnapura,Ratnapura,Kuruwita,4.Type3,provincial
23116,ANANDA V.,"HIDELLANA, RATHNAPURA",Sabaragamuwa,91.Ratnapura,Ratnapura,Ratnapura,3.Type2,provincial
23117,GALUKAGAMA V.,"GALUKAGAMA, HIDELLANA, RATNAPURA",Sabaragamuwa,91.Ratnapura,Ratnapura,Kuruwita,3.Type2,provincial
23118,PALADENIYA V.,"ERATHNE, KURUVITA",Sabaragamuwa,91.Ratnapura,Ratnapura,Kuruwita,4.Type3,provincial
23119,MURUTHTHETTUWA KANDA V.,"ERATHNE, KURUWATA",Sabaragamuwa,91.Ratnapura,Ratnapura,Kuruwita,4.Type3,provincial
23120,WATHUYAYA SRI SUMANA V.,"WATHUYAYA, KURUVITA",Sabaragamuwa,91.Ratnapura,Ratnapura,Kuruwita,3.Type2,provincial
23121,HIGGASWATTA K.V.,KURUVITA,Sabaragamuwa,91.Ratnapura,Ratnapura,Kuruwita,4.Type3,provincial
23122,LASSAKANDA V.,"ERATNE, KURUVITA.",Sabaragamuwa,91.Ratnapura,Ratnapura,Kuruwita,4.Type3,provincial
23124,GALLELLA M.V.,"GALLELLA,RATNAPURA",Sabaragamuwa,91.Ratnapura,Ratnapura,Sri Pada,2.1C,provincial
23125,BABARABOTUWA WIJAYABA M. V.,"WEWALWATHTHA , RATHNAPURA",Sabaragamuwa,91.Ratnapura,Ratnapura,Sri Pada,2.1C,provincial
23126,PELMADULLA DARMALOKA M. V.,PELMADULLA,Sabaragamuwa,91.Ratnapura,Ratnapura,Pelmadulla,1.1AB,provincial
23127,DIPPITIGALA M.V.,DIPPITIGALA LELLOPITIYA,Sabaragamuwa,91.Ratnapura,Ratnapura,Pelmadulla,3.Type2,provincial
23128,MARAPANA M. V.,MARAPANA,Sabaragamuwa,91.Ratnapura,Ratnapura,Pelmadulla,3.Type2,provincial
23129,GONAKUMBURA M.V.,"GONAKUMBURA, RATHNAPURA",Sabaragamuwa,91.Ratnapura,Ratnapura,Pelmadulla,2.1C,provincial
23130,AMUNUTHANNA SINHALA K.V.,"AMUNUTHANNA , GALLALLA, RATHNAPURA",Sabaragamuwa,91.Ratnapura,Ratnapura,Sri Pada,4.Type3,provincial
23131,NIRALGAMA V.,"NIRALGAMA, RATHNAPURA",Sabaragamuwa,91.Ratnapura,Ratnapura,Pelmadulla,3.Type2,provincial
23132,BULUGAHATHENNA M.V.,"PANAGAMA, DELA",Sabaragamuwa,91.Ratnapura,Ratnapura,Pelmadulla,2.1C,provincial
23133,GAIRANAGAMA V.,GURUBEVILAGAMA BALANGODA,Sabaragamuwa,91.Ratnapura,Ratnapura,Sri Pada,3.Type2,provincial
23134,PERALANDA V.,"PAHALAHAKAMUWA, RATHNAPURA",Sabaragamuwa,91.Ratnapura,Ratnapura,Pelmadulla,3.Type2,provincial
23135,WELIMALUWA V.,PATHULPANA-LELLOPITIYA,Sabaragamuwa,91.Ratnapura,Ratnapura,Pelmadulla,3.Type2,provincial
23136,SRI RAHULA M.V.,LELLOPITIYA,Sabaragamuwa,91.Ratnapura,Ratnapura,Pelmadulla,2.1C,provincial
23137,BATEWELA V.,BATEWELA WEWALWATHTHA,Sabaragamuwa,91.Ratnapura,Ratnapura,Sri Pada,3.Type2,provincial
23138,PELMADULLA MAHINDA V.,PELMADULLA,Sabaragamuwa,91.Ratnapura,Ratnapura,Pelmadulla,3.Type2,provincial
23139,PATHAKADA BAUDDHA M.V.,"PATHAKADA, PELMADULLA",Sabaragamuwa,91.Ratnapura,Ratnapura,Pelmadulla,2.1C,provincial
23140,SRI GNANANANDA M. V.,"KAMARANGAPITIYA, PELMADULLA",Sabaragamuwa,91.Ratnapura,Ratnapura,Pelmadulla,2.1C,provincial
23142,MORATOTA V.,"MORATOTA, OPANAYAKA",Sabaragamuwa,91.Ratnapura,Ratnapura,Pelmadulla,3.Type2,provincial
23143,PANAWANNA DHARMARAMA V.,KAHAWATTA,Sabaragamuwa,91.Ratnapura,Ratnapura,Pelmadulla,3.Type2,provincial
23144,VIDYADEEPA V.,PELMADULLA,Sabaragamuwa,91.Ratnapura,Ratnapura,Pelmadulla,2.1C,provincial
23145,SRI ABHAYATISSA UIDYALAYA,"BERENDUWA, LELLOPITIYA",Sabaragamuwa,91.Ratnapura,Ratnapura,Pelmadulla,3.Type2,provincial
23146,T.B.WEERASEKARA V.,"MIDALANA, PELMADULLA",Sabaragamuwa,91.Ratnapura,Ratnapura,Pelmadulla,3.Type2,provincial
23147,RATNAPURA DOMBAGASWINNA V.,"SANNASGAMA, LELLOPITIYA",Sabaragamuwa,91.Ratnapura,Ratnapura,Pelmadulla,4.Type3,provincial
23148,PRAGANADHEERA V.,"PANAWENNA SOUTH, KAHAWATHTHA",Sabaragamuwa,91.Ratnapura,Ratnapura,Pelmadulla,3.Type2,provincial
23151,BANAGODA V.,"GALLELLA, RATHNAPURA",Sabaragamuwa,91.Ratnapura,Ratnapura,Ratnapura,3.Type2,provincial
23153,THAKSHILA MODEL PRIMARY SCHOOL,"IHALAHAKAMUWA, RATNAPURA.",Sabaragamuwa,91.Ratnapura,Ratnapura,Pelmadulla,4.Type3,provincial
23157,WEWELWATHTHA V.,WEWALWATHTHA,Sabaragamuwa,91.Ratnapura,Ratnapura,Sri Pada,4.Type3,provincial
23158,HETTIKANDA V.,RATHNAPURA,Sabaragamuwa,91.Ratnapura,Ratnapura,Sri Pada,4.Type3,provincial
23160,SRI BODHI V.,"MORATHOTA, PALMADULLA",Sabaragamuwa,91.Ratnapura,Ratnapura,Pelmadulla,4.Type3,provincial
23162,SRI ANANDA V.,"KUTTAPITIYA, PELMADULLA",Sabaragamuwa,91.Ratnapura,Ratnapura,Pelmadulla,3.Type2,provincial
23163,PAGNARATHANA V.,"KATTANGE, KAHAWATHTHA",Sabaragamuwa,91.Ratnapura,Ratnapura,Pelmadulla,4.Type3,provincial
23164,BOPITIYA V.,PELMADULLA,Sabaragamuwa,91.Ratnapura,Ratnapura,Pelmadulla,3.Type2,provincial
23166,BALANGODA SRI BUDDHA JAYANTHI M.M.V.,BALANGODA,Sabaragamuwa,91.Ratnapura,Balangoda,Balangoda,1.1AB,provincial
23167,SRI SHARIPUTHRA M.V.,"IMBULPE, BALANGODA",Sabaragamuwa,91.Ratnapura,Balangoda,Imbulpe,2.1C,provincial
23168,UDAGAMA M.V.,"PINNAWALA, BALANGODA",Sabaragamuwa,91.Ratnapura,Balangoda,Imbulpe,1.1AB,provincial
23169,MORAHELA BANDARANAYAKA M.V.,"MORAHELA, BALANGODA",Sabaragamuwa,91.Ratnapura,Balangoda,Imbulpe,2.1C,provincial
23170,RATHMALAWINNA M.V.,"RATHMALAWINNA, BALANGODA.",Sabaragamuwa,91.Ratnapura,Balangoda,Imbulpe,2.1C,provincial
23171,BELIHULOYA DAMMARATHANA M.V.,BELIHULOYA,Sabaragamuwa,91.Ratnapura,Balangoda,Imbulpe,2.1C,provincial
23172,ATAWAKWALA SRI RATHANAPALA V.,"PINNAWALA, BALANGODA",Sabaragamuwa,91.Ratnapura,Balangoda,Imbulpe,3.Type2,provincial
23173,IHALAGALAGAMA V.,"IHALAGALAGAMA, BELIHULOYA",Sabaragamuwa,91.Ratnapura,Balangoda,Imbulpe,3.Type2,provincial
23174,EGODA WALEBODA V.,"EGODA WALEBODA, BALANGODA",Sabaragamuwa,91.Ratnapura,Balangoda,Balangoda,3.Type2,provincial
23176,GETAARALUVA V.,BALANGODA,Sabaragamuwa,91.Ratnapura,Balangoda,Imbulpe,3.Type2,provincial
23177,GURUBAWILA V.,"PINNAWALA, BALANGODA",Sabaragamuwa,91.Ratnapura,Balangoda,Imbulpe,3.Type2,provincial
23178,PUWAKGAHAWELA.VIDYALAYA,"PUWAKGAHAWELA, BELIHULOYA",Sabaragamuwa,91.Ratnapura,Balangoda,Imbulpe,3.Type2,provincial
23179,MADDEGAMA SIRI PIYARATHANA V.,"PAMBAGOLLA, PINNAWALA, BALANGODA.",Sabaragamuwa,91.Ratnapura,Balangoda,Imbulpe,3.Type2,provincial
23180,NELLIWALA V.,"NELLIWALA, PINNAWALA, BALANGODA",Sabaragamuwa,91.Ratnapura,Balangoda,Imbulpe,3.Type2,provincial
23182,HATHARABAGE VIDYALAYA,"HATHARABAGE, BALANGODA",Sabaragamuwa,91.Ratnapura,Balangoda,Imbulpe,3.Type2,provincial
23183,HITUWALA DHARMASENA V.,"PINNAWALA, BALANGODA.",Sabaragamuwa,91.Ratnapura,Balangoda,Imbulpe,3.Type2,provincial
23184,KEERAPATHDENIYA V.,"KANATHIRIYANWELA, PINNAWALA, BALANGODA",Sabaragamuwa,91.Ratnapura,Balangoda,Imbulpe,3.Type2,provincial
23185,MEGODA WALEBODA V.,"WALEBODA, BALANGODA",Sabaragamuwa,91.Ratnapura,Balangoda,Imbulpe,4.Type3,provincial
23187,SHASTRALANKARA V.,"ALUTNUWARA, IMBULPE.",Sabaragamuwa,91.Ratnapura,Balangoda,Imbulpe,3.Type2,provincial
23188,IBMULPE USBIM VIYAPARA V.,"PASSARAMULLA, IMBULPE",Sabaragamuwa,91.Ratnapura,Balangoda,Imbulpe,3.Type2,provincial
23189,UDAGAMA P.V.,"PINNAWALA, BALANGODA",Sabaragamuwa,91.Ratnapura,Balangoda,Imbulpe,4.Type3,provincial
23190,ULUPITIYA V.,"ULUPITIYA, HATARABAGE, BALANGODA",Sabaragamuwa,91.Ratnapura,Balangoda,Imbulpe,4.Type3,provincial
23191,KARAGASTHALAWA M.V.,"KARAGASTHALAWA, BELIHULOYA.",Sabaragamuwa,91.Ratnapura,Balangoda,Imbulpe,1.1AB,provincial
23194,KUMBALMULLA V.,"MORAHALA, BALANGODA",Sabaragamuwa,91.Ratnapura,Balangoda,Imbulpe,4.Type3,provincial
23196,PALLEWELA GAMINI VIDYALAYA,"PALLEWELA, PINNAWALA, BALANGODA",Sabaragamuwa,91.Ratnapura,Balangoda,Imbulpe,4.Type3,provincial
23199,MADDEGAMA MAYADUNNA V.,"MADDEGAMA, PINNAWALA, BALANGODA",Sabaragamuwa,91.Ratnapura,Balangoda,Imbulpe,4.Type3,provincial
23200,MAMALGAHA V.,"MAMALGAHA, IMBULPE, BALANGODA.",Sabaragamuwa,91.Ratnapura,Balangoda,Imbulpe,4.Type3,provincial
23201,MUTHTHETTUWEGAMA V.,BELIHULOYA,Sabaragamuwa,91.Ratnapura,Balangoda,Imbulpe,3.Type2,provincial
23202,MORAHALA P.V.,"MORAHALA, BALANGODA",Sabaragamuwa,91.Ratnapura,Balangoda,Imbulpe,4.Type3,provincial
23203,DENAGAMA V.,"DENAGAMA, IMBULPE",Sabaragamuwa,91.Ratnapura,Balangoda,Imbulpe,4.Type3,provincial
23204,LANDUYAYA V.,"IHALAGALAGAMA, BALANGODA",Sabaragamuwa,91.Ratnapura,Balangoda,Imbulpe,3.Type2,provincial
23206,SRI SUMANADEVA V.,"MEGODA WALEBODA, BALANGODA",Sabaragamuwa,91.Ratnapura,Balangoda,Imbulpe,4.Type3,provincial
23208,THORAWELAKANDA V.,"MEGODA WALEBODA, BALANGODA.",Sabaragamuwa,91.Ratnapura,Balangoda,Imbulpe,3.Type2,provincial
23210,ELLEPOLA M.V.,"ELLEPOLA, BALANGODA.",Sabaragamuwa,91.Ratnapura,Balangoda,Balangoda,3.Type2,provincial
23211,MEDDEKANDA M.V.,"MEDDEKANDA, BALANGODA",Sabaragamuwa,91.Ratnapura,Balangoda,Balangoda,2.1C,provincial
23212,DAMAHANA M.V.,"DAMAHANA, BALANGODA",Sabaragamuwa,91.Ratnapura,Balangoda,Balangoda,2.1C,provincial
23213,THUMBAGODA ST. AGNAS B.M.V.,THUMBAGODA,Sabaragamuwa,91.Ratnapura,Balangoda,Balangoda,1.1AB,provincial
23214,BALANGODA VIDYALOKA M.V.,"OLD RODA, BALANGODA",Sabaragamuwa,91.Ratnapura,Balangoda,Balangoda,1.1AB,provincial
23215,KALTHOTA ROHANA V.,"KALTHOTA, BALANGODA",Sabaragamuwa,91.Ratnapura,Balangoda,Balangoda,3.Type2,provincial
23216,MEDABEDDA KAWANTHISSA V.,"MEDABEDDA, KALTHOTA, BALANGODA",Sabaragamuwa,91.Ratnapura,Balangoda,Balangoda,3.Type2,provincial
23217,KALTHOTA DAKUNU IWURA V.,"WELIPATHAYAYA, BALANGODA",Sabaragamuwa,91.Ratnapura,Balangoda,Balangoda,3.Type2,provincial
23218,HOPEWELL V.,"KIRIMATITANNA, BALANGODA",Sabaragamuwa,91.Ratnapura,Balangoda,Balangoda,3.Type2,provincial
23219,GODAKUMBURA IMBULAMURA V.,"MAHAWALATHENNA, BALANGODA.",Sabaragamuwa,91.Ratnapura,Balangoda,Balangoda,3.Type2,provincial
23220,BALANGODA KUMARA V.,BALANGODA,Sabaragamuwa,91.Ratnapura,Balangoda,Balangoda,4.Type3,provincial
23221,BULATHGAMA V.,"BULATHGAMA, BALANGODA",Sabaragamuwa,91.Ratnapura,Balangoda,Balangoda,3.Type2,provincial
23222,BOWATHTHA V.,"WIKILIYA, BALANGODA.",Sabaragamuwa,91.Ratnapura,Balangoda,Balangoda,4.Type3,provincial
23223,MASSENNA SRI WAJIRAGNANA V.,"MASSENNA, BALANGODA.",Sabaragamuwa,91.Ratnapura,Balangoda,Balangoda,3.Type2,provincial
23224,RASSAGALA V.,"RSSAGALA, BALANGODA",Sabaragamuwa,91.Ratnapura,Balangoda,Balangoda,3.Type2,provincial
23225,WATAWALA V.,"MULGAMA, BALANGODA.",Sabaragamuwa,91.Ratnapura,Balangoda,Balangoda,4.Type3,provincial
23226,SRI NARADA M.V.,"WIKILIYA, BALANGODA",Sabaragamuwa,91.Ratnapura,Balangoda,Balangoda,2.1C,provincial
23227,GAWARANHENA V.,"GAWARANHENA, BALANGODA.",Sabaragamuwa,91.Ratnapura,Balangoda,Balangoda,3.Type2,provincial
23229,MADABEDDA M.V.,"MADABEDDA, KALTHOTA, BALANGODA",Sabaragamuwa,91.Ratnapura,Balangoda,Balangoda,2.1C,provincial
23230,MULGAMA VIDYALAYA,"MULGAMA, BALANGODA",Sabaragamuwa,91.Ratnapura,Balangoda,Balangoda,4.Type3,provincial
23231,MOLAMURA V.,"MOLAMURA, RAJAWAKA, BALANGODA",Sabaragamuwa,91.Ratnapura,Balangoda,Balangoda,4.Type3,provincial
23232,WELIPATHAYAYA M.V.,"WELIPATHAYAYA, BALANGODA",Sabaragamuwa,91.Ratnapura,Balangoda,Balangoda,1.1AB,provincial
23234,DIYAVINNA V.,"HANDAGIRIYA, BALANGODA",Sabaragamuwa,91.Ratnapura,Balangoda,Balangoda,3.Type2,provincial
23235,WELANGE VIDYALAYA,"THALAKOLAHINNA, BALANGODA.",Sabaragamuwa,91.Ratnapura,Balangoda,Balangoda,3.Type2,provincial
23236,KIRIMATITANNA V.,"KIRIMATITANNA, BALANGODA",Sabaragamuwa,91.Ratnapura,Balangoda,Balangoda,3.Type2,provincial
23237,PETTIGALA V.,"PETTIGALA, BALANGODA",Sabaragamuwa,91.Ratnapura,Balangoda,Balangoda,4.Type3,provincial
23238,KAHATAPITIYA HAPUGAHAKUMBURA V.,"HAPUGAHAKUMBURA, BALANGODA",Sabaragamuwa,91.Ratnapura,Balangoda,Balangoda,3.Type2,provincial
23239,MAHAWALATHENNA V.,"MAHAWALATHENNA, BALANGODA.",Sabaragamuwa,91.Ratnapura,Balangoda,Balangoda,3.Type2,provincial
23240,MAWELA VIDYALAYA,"THALAKOLAHINNA, BALANGODA",Sabaragamuwa,91.Ratnapura,Balangoda,Balangoda,4.Type3,provincial
23241,THANJANTHENNA V.,"THANJANTHENNA, BALANGODA",Sabaragamuwa,91.Ratnapura,Balangoda,Balangoda,3.Type2,provincial
23242,RAJAWAKA V.,"RAJAWAKA, BALANGODA",Sabaragamuwa,91.Ratnapura,Balangoda,Balangoda,2.1C,provincial
23243,SAMANPURA SIDDHARTHA V.,"DURAKANDA, RASSAGALA, BALANGODA",Sabaragamuwa,91.Ratnapura,Balangoda,Balangoda,3.Type2,provincial
23244,THALANGAMA V.,"ELLEPOLA, BALANGODA",Sabaragamuwa,91.Ratnapura,Balangoda,Balangoda,4.Type3,provincial
23245,KOONGAHAMANKADA V.,"WELIPOTAYAYA, BALANGODA",Sabaragamuwa,91.Ratnapura,Balangoda,Balangoda,3.Type2,provincial
23246,SAMANALAWATHTHA V.,"SAMANALAWATHTHA, RASSAGALA, BALANGODA.",Sabaragamuwa,91.Ratnapura,Balangoda,Balangoda,3.Type2,provincial
23248,RATHNALOKA MAHA VIDYALAYA,RAKWANA.,Sabaragamuwa,91.Ratnapura,Embilipitiya,Godakawela,1.1AB,provincial
23249,GODAKAWELA KULARATHNA CENTRAL COLLEGE,GODAKAWELA,Sabaragamuwa,91.Ratnapura,Embilipitiya,Godakawela,1.1AB,provincial
23250,MADAMPE VIJAYA MAHA VIDYALAYA,ATAKALAMPANNA,Sabaragamuwa,91.Ratnapura,Embilipitiya,Godakawela,2.1C,provincial
23251,HIRAMADAGAMA MAHA VIDYALAYA,"HIRAMADAGAMA, KAHAWATHTHA",Sabaragamuwa,91.Ratnapura,Embilipitiya,Godakawela,2.1C,provincial
23252,BIBILEGAMA MAHA VIDYALAYA,"HAPUGASTHENNA, GODAKAWELA",Sabaragamuwa,91.Ratnapura,Embilipitiya,Godakawela,2.1C,provincial
23253,ALPITIYA SRI SIDDHARTHA MAHA VIDYALAYA,ALPITIYA GODAKAWELA,Sabaragamuwa,91.Ratnapura,Embilipitiya,Godakawela,3.Type2,provincial
23254,EMATIYAGODA VIDYALAYA,"EMATIYAGODA, GODAKAWELA",Sabaragamuwa,91.Ratnapura,Embilipitiya,Godakawela,4.Type3,provincial
23255,KOTAKETHANA VIDYALAYA,KAHAWATTHA,Sabaragamuwa,91.Ratnapura,Embilipitiya,Godakawela,3.Type2,provincial
23257,PANAWALA VIDYALAYA,ATAKALANPANNA,Sabaragamuwa,91.Ratnapura,Embilipitiya,Godakawela,3.Type2,provincial
23258,PELAWATHTHA VIDYALAYA,"GALAHITIYA, GODAKAWELA.",Sabaragamuwa,91.Ratnapura,Embilipitiya,Godakawela,4.Type3,provincial
23259,MUTHTHETTUPOLA V.,PALLEBEDDA,Sabaragamuwa,91.Ratnapura,Balangoda,Weligepola,3.Type2,provincial
23260,DEMUWATHA VIDYALAYA,"DEMUWATHA, RAKWANA",Sabaragamuwa,91.Ratnapura,Embilipitiya,Godakawela,2.1C,provincial
23261,NIYANGAMA VIDYALAYA,"NIYANGAMA, GODAKAWELA",Sabaragamuwa,91.Ratnapura,Embilipitiya,Godakawela,3.Type2,provincial
23262,YAHALEWELA VIDYALAYA,"YAHALEWELA, GODAKAWELA",Sabaragamuwa,91.Ratnapura,Embilipitiya,Godakawela,3.Type2,provincial
23263,WELKENIYAYA SRI DHARMASENA VIDYALAYA,"WELKENIYAYA, GODAKAWELA",Sabaragamuwa,91.Ratnapura,Embilipitiya,Godakawela,3.Type2,provincial
23264,WERALUGAHAMULA VIDYALAYA,"WERALUGAMULA, RAKWANA",Sabaragamuwa,91.Ratnapura,Embilipitiya,Godakawela,3.Type2,provincial
23265,WERAHERA DHARMAVIJAYA VIDYALAYA,WERAHERA GODAKAWELA,Sabaragamuwa,91.Ratnapura,Embilipitiya,Godakawela,3.Type2,provincial
23266,PINNAKANDA VIDYALAYA,"PINNAKANDA, GODAKAWELA",Sabaragamuwa,91.Ratnapura,Embilipitiya,Godakawela,3.Type2,provincial
23267,BALAVINNA MAHA VIDYALAYA,"BALAVINNA, GODAKAWELA",Sabaragamuwa,91.Ratnapura,Embilipitiya,Godakawela,2.1C,provincial
23269,GANGODA VIDYALAYA,RAKWANA,Sabaragamuwa,91.Ratnapura,Embilipitiya,Godakawela,4.Type3,provincial
23270,ST. ANTHONY'S VIDYALAYA,RAKWANA,Sabaragamuwa,91.Ratnapura,Embilipitiya,Godakawela,3.Type2,provincial
23271,WARAYAYA VIDYALAYA,WARAYAYA GODAKAWELA,Sabaragamuwa,91.Ratnapura,Embilipitiya,Godakawela,4.Type3,provincial
23272,POLGAHAWATTA VIDYALAYA,"PINNAKANDA, GODAKAWELA",Sabaragamuwa,91.Ratnapura,Embilipitiya,Godakawela,4.Type3,provincial
23273,AGAREGAMA VIDYALAYA,WELANDURA KAHAWATHTHA,Sabaragamuwa,91.Ratnapura,Embilipitiya,Godakawela,4.Type3,provincial
23274,KANDAPOLA VIDYALAYA,KANDAPOLA RAKWANA,Sabaragamuwa,91.Ratnapura,Embilipitiya,Godakawela,4.Type3,provincial
23276,WETHTHILAKANDA VIDYALAYA,WETHTHILAKANDA RAKAWANA,Sabaragamuwa,91.Ratnapura,Embilipitiya,Godakawela,4.Type3,provincial
23280,THABAGAMUWA NEW SCHOOL,"THABAGAMUWA, PALLEBEDDA",Sabaragamuwa,91.Ratnapura,Embilipitiya,Godakawela,4.Type3,provincial
23281,OPANAYAKA VIDYAKARA M.V.,OPANAYAKA,Sabaragamuwa,91.Ratnapura,Balangoda,Weligepola,1.1AB,provincial
23282,SRI WALAGAMBA M.V.,"WELIGEPOLA, BALANGODA",Sabaragamuwa,91.Ratnapura,Balangoda,Weligepola,1.1AB,provincial
23283,HUNUWALA DHARMARAJA M.V.,"HUNUWALA, OPANAYAKA",Sabaragamuwa,91.Ratnapura,Balangoda,Weligepola,2.1C,provincial
23284,SRI WAJIRAWANSA M.V.,"AMBAVILA, PALLEBEDDA",Sabaragamuwa,91.Ratnapura,Balangoda,Weligepola,2.1C,provincial
23285,PALLEKANDA M.V.,OPANAYAKA,Sabaragamuwa,91.Ratnapura,Balangoda,Weligepola,3.Type2,provincial
23286,RANWALA M.V.,"RANWALA, GODAKAWELA.",Sabaragamuwa,91.Ratnapura,Balangoda,Weligepola,3.Type2,provincial
23287,UDARANWALA V.,"UDARANWALA, RANAWALA, BALANGODA",Sabaragamuwa,91.Ratnapura,Balangoda,Weligepola,3.Type2,provincial
23288,URAWALA VIDYALAYA,"KOTTIMBULWALA, WELIGAPOLA, BALANGODA.",Sabaragamuwa,91.Ratnapura,Balangoda,Weligepola,3.Type2,provincial
23289,HATANGALA V.,"HATANGALA, BALANGODA",Sabaragamuwa,91.Ratnapura,Balangoda,Weligepola,2.1C,provincial
23290,MAKANDURA VIDYALAYA,"MAKANDURA (SABARA), KAHAWATTA",Sabaragamuwa,91.Ratnapura,Embilipitiya,Godakawela,3.Type2,provincial
23291,WEERASEKARA V.,"POLLAMURA, WELIGEPOLA, BALANGODA.",Sabaragamuwa,91.Ratnapura,Balangoda,Weligepola,3.Type2,provincial
23292,MAHAOMARA V.,"MAHOMARA, RANWALA, GODAKAWELA",Sabaragamuwa,91.Ratnapura,Balangoda,Weligepola,3.Type2,provincial
23293,DANDENIYA V.,"DANDENIYA, OPANAYAKA",Sabaragamuwa,91.Ratnapura,Balangoda,Weligepola,3.Type2,provincial
23294,HATHTHELLA V.,"HATHTHELLA, OPANAYAKE",Sabaragamuwa,91.Ratnapura,Balangoda,Weligepola,3.Type2,provincial
23295,KOONGASTHANNA M.V.,"WELIGEPOLA, BALANGODA",Sabaragamuwa,91.Ratnapura,Balangoda,Weligepola,2.1C,provincial
23296,UDAWELA M.V.,OPANAYAKA,Sabaragamuwa,91.Ratnapura,Balangoda,Weligepola,2.1C,provincial
23297,GALHIRA VIDYALAYA,"GALHIRA, OPANAYAKA",Sabaragamuwa,91.Ratnapura,Balangoda,Weligepola,3.Type2,provincial
23298,DIMBULWALA VIDYALAYA,DIMBULWALA KAHAWATHTHA,Sabaragamuwa,91.Ratnapura,Embilipitiya,Godakawela,3.Type2,provincial
23299,SRI WIMALAWANSHA V.,"PANANA, WELIGEPOLA, BALANGODA",Sabaragamuwa,91.Ratnapura,Balangoda,Weligepola,3.Type2,provincial
23300,WELANGEPOLA V.,"RANWALA, GODAKAWELA",Sabaragamuwa,91.Ratnapura,Balangoda,Weligepola,3.Type2,provincial
23301,AKRELLA VIDYALAYA,"AKARELLA, OPANAYAKE",Sabaragamuwa,91.Ratnapura,Balangoda,Weligepola,3.Type2,provincial
23302,PELENDAKANDA V.,"PELENDAKANDA, OPANAYAKE",Sabaragamuwa,91.Ratnapura,Balangoda,Weligepola,4.Type3,provincial
23303,MATIHAKWALA V.,OPANAYAKA,Sabaragamuwa,91.Ratnapura,Balangoda,Weligepola,3.Type2,provincial
23304,PARAGAHAMADITHTHA V.,"AKARELLA, OPANAKA",Sabaragamuwa,91.Ratnapura,Balangoda,Weligepola,3.Type2,provincial
23305,HUNUWALA NORTH VIDYALAYA,OPANAYAKA,Sabaragamuwa,91.Ratnapura,Balangoda,Weligepola,3.Type2,provincial
23307,YATIPASGAMUWA V.,"YATIPASGAMUWA, WELIGAPOLA, BALANGODA",Sabaragamuwa,91.Ratnapura,Balangoda,Weligepola,4.Type3,provincial
23308,GALPAYA VIDYALAYA,"GALPAYA, PALLEBEDDA",Sabaragamuwa,91.Ratnapura,Balangoda,Weligepola,3.Type2,provincial
23311,BATADURA V.,"BATADURA, AKARELLA, OPANAYAKE",Sabaragamuwa,91.Ratnapura,Balangoda,Weligepola,3.Type2,provincial
23312,MEDAGANOYA SRI DHAMMASENA V.,"MEDAGANOYA, WELIGEPOLA",Sabaragamuwa,91.Ratnapura,Balangoda,Weligepola,4.Type3,provincial
23313,PINNAGALAKANDA V.,"AKARALLA, OPANAYAKA",Sabaragamuwa,91.Ratnapura,Balangoda,Weligepola,4.Type3,provincial
23316,NARISSA VIDYALAYA,"NARISSA, OPANAYAKE",Sabaragamuwa,91.Ratnapura,Balangoda,Weligepola,3.Type2,provincial
23317,GALKANDA V.,MALAKANDURA(SABARA) ATAKALAMPANNA,Sabaragamuwa,91.Ratnapura,Balangoda,Weligepola,4.Type3,provincial
23318,HANDAGIRIYA V.,"HANDAGIRIYA, BALANGODA",Sabaragamuwa,91.Ratnapura,Balangoda,Weligepola,3.Type2,provincial
23320,KAHAWATTA MADYA MAHA VIDYALAYA,KAHAWATTA,Sabaragamuwa,91.Ratnapura,Nivitigala,Kahawatta,1.1AB,provincial
23321,GABBELA MAHA VIDYALAYA,GABBELA KAHAWATTA,Sabaragamuwa,91.Ratnapura,Nivitigala,Kahawatta,2.1C,provincial
23322,WATAPOTHA M.V.,NIVITHIGALA,Sabaragamuwa,91.Ratnapura,Nivitigala,Nivitigala,3.Type2,provincial
23323,GODAKUMBURA MIYANAVITA MAHA VIDYALAYA,GABBELA KAHAWATTA,Sabaragamuwa,91.Ratnapura,Nivitigala,Kahawatta,3.Type2,provincial
23324,MADALAGAMA MAHA VIDYALAYA,MADALAGAMA KAHAWATTA,Sabaragamuwa,91.Ratnapura,Nivitigala,Kahawatta,3.Type2,provincial
23325,GAJANAYAKA MAHA VIDYALAYA,WELLANDHURA KAHAWATTA,Sabaragamuwa,91.Ratnapura,Nivitigala,Kahawatta,3.Type2,provincial
23326,ELAPATHA M.V.,"ELAPATHA, RATHNAPURA",Sabaragamuwa,91.Ratnapura,Nivitigala,Elapatha,1.1AB,provincial
23327,KARANGODA MAHA VIDYALAYA,"KARNGODA, RATHNAPURA",Sabaragamuwa,91.Ratnapura,Nivitigala,Elapatha,2.1C,provincial
23328,NIVITHIGALA SUMANA CENTRAL COLLEGE,NIVITHIGALA,Sabaragamuwa,91.Ratnapura,Nivitigala,Nivitigala,1.1AB,provincial
23329,HUNGAMUWA SRI RATHNODAYA M.V.,"RATHNA-HANGAMUWA, RATHNAPURA",Sabaragamuwa,91.Ratnapura,Nivitigala,Elapatha,2.1C,provincial
23330,DELA M.V.,DELA,Sabaragamuwa,91.Ratnapura,Nivitigala,Nivitigala,2.1C,provincial
23331,DELWALA M.V.,DELWA RATHNAPURA,Sabaragamuwa,91.Ratnapura,Nivitigala,Nivitigala,2.1C,provincial
23332,PEBOTUWA M.V.,PEBOTUWA,Sabaragamuwa,91.Ratnapura,Nivitigala,Nivitigala,2.1C,provincial
23333,HOUPE NAWALAKANDA MAHA VIDYALAYA,UDA HOUPE KAHAWATTA,Sabaragamuwa,91.Ratnapura,Nivitigala,Kahawatta,2.1C,provincial
23334,DIMIYAWA MAHA VIDYALAYA,DAMBULUWANA RATHNAPURA,Sabaragamuwa,91.Ratnapura,Nivitigala,Elapatha,2.1C,provincial
23335,KALALELLA MAHA VIDYALAYA,KALALELLA ATAKANPANNA,Sabaragamuwa,91.Ratnapura,Nivitigala,Kahawatta,3.Type2,provincial
23336,COLOMBAGAMA MAHANAMA M.V.,NIVITHIGALA,Sabaragamuwa,91.Ratnapura,Nivitigala,Nivitigala,2.1C,provincial
23337,PANNILA VIDYALAYA,MAHA PANNILA RAKWANA,Sabaragamuwa,91.Ratnapura,Nivitigala,Kahawatta,3.Type2,provincial
23338,PANAPITIYA VIDYALAYA,PANAPITIYA KAHAWATTA,Sabaragamuwa,91.Ratnapura,Nivitigala,Kahawatta,3.Type2,provincial
23339,BUNGIRIYA VIDYALAYA,BUNGIRIYA KAHAWATTA,Sabaragamuwa,91.Ratnapura,Nivitigala,Kahawatta,3.Type2,provincial
23340,MADALAGAMA JANAPADA VIDYALAYA,UDA HOUPE KAHAWATTA,Sabaragamuwa,91.Ratnapura,Nivitigala,Kahawatta,3.Type2,provincial
23341,NILMINIPURA V.,NIVITHIGALA,Sabaragamuwa,91.Ratnapura,Nivitigala,Nivitigala,3.Type2,provincial
23342,UDA DELWALA RIDEE ELLA V.,DELWALA,Sabaragamuwa,91.Ratnapura,Nivitigala,Nivitigala,3.Type2,provincial
23343,YAINNA VIDYALAYA,YAINNA KAHAWATTA,Sabaragamuwa,91.Ratnapura,Nivitigala,Kahawatta,3.Type2,provincial
23344,PILANA VIDYALAYA,PANAPITIYA KAHAWATTA,Sabaragamuwa,91.Ratnapura,Nivitigala,Kahawatta,3.Type2,provincial
23345,ERABADDA VIDYALAYA,DELA,Sabaragamuwa,91.Ratnapura,Nivitigala,Nivitigala,3.Type2,provincial
23346,KEHELOVITYGAMA VIDYALAYA,KEHELOWITIGAMA UDA NIRIELLA,Sabaragamuwa,91.Ratnapura,Nivitigala,Elapatha,3.Type2,provincial
23349,DAMBULUWANA VIDYALAYA,DAMBULUWANA,Sabaragamuwa,91.Ratnapura,Nivitigala,Elapatha,3.Type2,provincial
23351,DOLOSWALA KANDA V.,NIVITHIGALA,Sabaragamuwa,91.Ratnapura,Nivitigala,Nivitigala,3.Type2,provincial
23352,WATHTHAHENA V.,NIVITHIGALA,Sabaragamuwa,91.Ratnapura,Nivitigala,Nivitigala,3.Type2,provincial
23353,HALKADALIYA V.,NIVITHIGALA,Sabaragamuwa,91.Ratnapura,Nivitigala,Nivitigala,3.Type2,provincial
23354,HALDOLA VIDYALAYA,"KARANGODA, RATHNAPURA",Sabaragamuwa,91.Ratnapura,Nivitigala,Elapatha,3.Type2,provincial
23356,KIRIBATHGALA V.,NIVITHIGALA,Sabaragamuwa,91.Ratnapura,Nivitigala,Nivitigala,3.Type2,provincial
23357,ATAKALANPANNA VIDYALAYA,AMBALANWATTA ATAKANPANNA,Sabaragamuwa,91.Ratnapura,Nivitigala,Kahawatta,3.Type2,provincial
23358,DOLOSWALA SADDANANDA V.,NIVITHIGALA,Sabaragamuwa,91.Ratnapura,Nivitigala,Nivitigala,4.Type3,provincial
23359,LIYANEKKANAD VIDAYALAYA,"PAHALATHANABELA, POTHUPITIYA, KALAWANA",Sabaragamuwa,91.Ratnapura,Nivitigala,Kalawana,4.Type3,provincial
23360,KAHAWATTA PRIMARY SCHOOL,KAHAWATTA,Sabaragamuwa,91.Ratnapura,Nivitigala,Kahawatta,4.Type3,provincial
23361,NAHALWATHURA VIDYALAYA,MADALAGAMA KAHAWATTA,Sabaragamuwa,91.Ratnapura,Nivitigala,Kahawatta,3.Type2,provincial
23362,YATAGARA VIDYALAYA,WATAPATHA NIVITHIGALA,Sabaragamuwa,91.Ratnapura,Nivitigala,Kahawatta,4.Type3,provincial
23363,HORAHINELLA SUMANA VIDYALAYA,HORAHINELLA KAHAWATTA,Sabaragamuwa,91.Ratnapura,Nivitigala,Kahawatta,3.Type2,provincial
23364,KARAWITA PRIMARY SCHOOL,KARAWITA UDA KARAWITA,Sabaragamuwa,91.Ratnapura,Nivitigala,Nivitigala,4.Type3,provincial
23366,GAGULVITIYA VIDYALAYA,HANGAMUWA RATHNAPURA,Sabaragamuwa,91.Ratnapura,Nivitigala,Elapatha,3.Type2,provincial
23367,LOKADENIYA VIDYALAYA,UDA- KARAWITA,Sabaragamuwa,91.Ratnapura,Nivitigala,Elapatha,3.Type2,provincial
23368,YAKDEHIWATHTHA V.,NIVITHIGALA,Sabaragamuwa,91.Ratnapura,Nivitigala,Nivitigala,3.Type2,provincial
23369,WATHUPITIYA VIDYALAYA,UDAKARWITA,Sabaragamuwa,91.Ratnapura,Nivitigala,Elapatha,3.Type2,provincial
23370,KIRANODAGAMA VIDYALAYA,DEMUWATHA RAKWANA,Sabaragamuwa,91.Ratnapura,Nivitigala,Kahawatta,3.Type2,provincial
23372,ENDANA VIDYALAYA,ENDANA KAHAWATTA,Sabaragamuwa,91.Ratnapura,Nivitigala,Kahawatta,2.1C,provincial
23373,AYAGAMA SRI RAHULA M.V.,"AYAGAMA, RATHNAPURA",Sabaragamuwa,91.Ratnapura,Nivitigala,Ayagama,1.1AB,provincial
23374,DUMBARA M.V.,MINIPURA DUMBARA,Sabaragamuwa,91.Ratnapura,Nivitigala,Ayagama,2.1C,provincial
23375,PALAWELA SRI RATHNAKARA MAHA VIDYALAYA,"PALAWELA, UDANIRIELLA",Sabaragamuwa,91.Ratnapura,Nivitigala,Elapatha,2.1C,provincial
23376,GAWARAGIRIYA M.V.,GAWARAGIRIYA,Sabaragamuwa,91.Ratnapura,Nivitigala,Ayagama,2.1C,provincial
23377,UDUGALA VIDYALAYA,"UDUGALA, AYAGAMA",Sabaragamuwa,91.Ratnapura,Nivitigala,Ayagama,4.Type3,provincial
23378,KETEPOLA V.,"KETEPOLA, ELLAGAWA",Sabaragamuwa,91.Ratnapura,Nivitigala,Ayagama,3.Type2,provincial
23379,GALATHURA M.V.,"MEDA GALATHURA, RATHNAPURA",Sabaragamuwa,91.Ratnapura,Nivitigala,Ayagama,3.Type2,provincial
23380,GAMIKKANADA V.,GANGODAKANDA AYAGAMA,Sabaragamuwa,91.Ratnapura,Nivitigala,Ayagama,3.Type2,provincial
23381,PALLEKADA V.,"PALLEKADA, AYAGAMA",Sabaragamuwa,91.Ratnapura,Nivitigala,Ayagama,4.Type3,provincial
23382,PIMBURA VIDYALAYA,"PIMBURA, RATHNAPURA",Sabaragamuwa,91.Ratnapura,Nivitigala,Ayagama,3.Type2,provincial
23383,MADABADDARA PARAKKRAMA V.,"MADABADDARA, KIRIELLA",Sabaragamuwa,91.Ratnapura,Nivitigala,Ayagama,4.Type3,provincial
23384,DUMBARA MANANA M.V.,"DUMBARA MANANA, RATHNAPURA",Sabaragamuwa,91.Ratnapura,Nivitigala,Ayagama,3.Type2,provincial
23385,SINHALAGODA V.,MEDA GALATHURA RATHNAPURA,Sabaragamuwa,91.Ratnapura,Nivitigala,Ayagama,3.Type2,provincial
23386,AYAGAMA JANAPADA V.,"TEA COLANY, AYAGAMA",Sabaragamuwa,91.Ratnapura,Nivitigala,Ayagama,3.Type2,provincial
23387,NIRIELLA PUGNGNANANDA VIDYALAYA,"NIRIELLA, UDA NIRIELLA",Sabaragamuwa,91.Ratnapura,Nivitigala,Elapatha,3.Type2,provincial
23388,VITHANAGAMA V.,AYAGAMA,Sabaragamuwa,91.Ratnapura,Nivitigala,Ayagama,4.Type3,provincial
23389,KUTTIKANDA V.,"UMANGEDARA, ELLAGAWA",Sabaragamuwa,91.Ratnapura,Nivitigala,Ayagama,4.Type3,provincial
23394,NIKAGADA SEELARATHANA V.,"NIKAGODA, PIMBURA, KALWANA",Sabaragamuwa,91.Ratnapura,Nivitigala,Ayagama,3.Type2,provincial
23397,WERAGAMA SRI SUNANDA VIDYALAYA,"UDA-NIRIELLA, RATHNAPURA",Sabaragamuwa,91.Ratnapura,Nivitigala,Elapatha,4.Type3,provincial
23398,KOTTEGODA VIDYALAYA,"PANNILA, UDA NIRIELLA",Sabaragamuwa,91.Ratnapura,Nivitigala,Elapatha,4.Type3,provincial
23399,KALAWANA GAMINI M.M.V.,"KOSWATTA, KALAWANA",Sabaragamuwa,91.Ratnapura,Nivitigala,Kalawana,1.1AB,provincial
23401,RAMBUKA MAHA VIDYALAYA,"POTHUPITIYA, KALAWANA",Sabaragamuwa,91.Ratnapura,Nivitigala,Kalawana,2.1C,provincial
23402,WEDDAGALA SOUTH MAHA VIDDAYALAYA,"WEDDAGALA, KALAWANA",Sabaragamuwa,91.Ratnapura,Nivitigala,Kalawana,2.1C,provincial
23403,KAJUGASWATHTHA VIDYALAYA,"POTHUPITIYA, KALAWANA",Sabaragamuwa,91.Ratnapura,Nivitigala,Kalawana,2.1C,provincial
23404,PANAPOLA VIDYALAYA,"PANAPOLA, KALAWANA",Sabaragamuwa,91.Ratnapura,Nivitigala,Kalawana,3.Type2,provincial
23405,SAMANPURA MODEL PRIMARY SCHOOL,"SAMANPURA, KALAWANA",Sabaragamuwa,91.Ratnapura,Nivitigala,Kalawana,4.Type3,provincial
23406,POTHUPITIYA MAHA VIDYALAYA,"POTHUPITIYA, KALAWANA",Sabaragamuwa,91.Ratnapura,Nivitigala,Kalawana,2.1C,provincial
23407,DELGODA JANAPADA VIDYALAYA,"DAWGALA, KALAWANA",Sabaragamuwa,91.Ratnapura,Nivitigala,Kalawana,3.Type2,provincial
23408,KALAWANA MODEL PRIMARY SCHOOL,"HAGARANGALA, KALAWANA",Sabaragamuwa,91.Ratnapura,Nivitigala,Kalawana,4.Type3,provincial
23409,WEWELKADURA VIDYALAYA,"WEWELKAURA, KALAWANA",Sabaragamuwa,91.Ratnapura,Nivitigala,Kalawana,3.Type2,provincial
23410,WATHURAWA JANAPADA VIDYALAYA,"WATHURAWA, KALAWANA",Sabaragamuwa,91.Ratnapura,Nivitigala,Kalawana,3.Type2,provincial
23411,MEEPAGAMA VIDYALAYA,"MEEPAGAMA, KALAWANA",Sabaragamuwa,91.Ratnapura,Nivitigala,Kalawana,4.Type3,provincial
23412,MEEPAGAMA JAYANTHI MAHA VIDYALAYA,"MEEPAGAMA, KALAWANA",Sabaragamuwa,91.Ratnapura,Nivitigala,Kalawana,2.1C,provincial
23413,NAWALAKANDA VIDYALAYA,"NAWALLAKKANAD, KALAWANA",Sabaragamuwa,91.Ratnapura,Nivitigala,Kalawana,3.Type2,provincial
23414,WEDDAGALA NORTH VIDYALAYA,"UTHURU WEDDAGALA, KALAWANA",Sabaragamuwa,91.Ratnapura,Nivitigala,Kalawana,4.Type3,provincial
23415,GALAWATHTHA PUNARTHANA VIDYALAYA,"POTHUPITIYA, KALAWANA",Sabaragamuwa,91.Ratnapura,Nivitigala,Kalawana,4.Type3,provincial
23416,ILUBAKANDA NEW PRIMARY SCHOOL,"ILUBAKANDA, KALAWANA",Sabaragamuwa,91.Ratnapura,Nivitigala,Kalawana,4.Type3,provincial
23417,KUKULEGAMA V.,"KUKULEGAMA, KALAWANA",Sabaragamuwa,91.Ratnapura,Nivitigala,Kalawana,4.Type3,provincial
23418,KUDUMEERIYA VIDYALAYA,"KUDUMEERIYA, KALAWANA",Sabaragamuwa,91.Ratnapura,Nivitigala,Kalawana,4.Type3,provincial
23420,KOPIKELLA VIDYALAYA,"KOPIKEELLA, KALAWANA",Sabaragamuwa,91.Ratnapura,Nivitigala,Kalawana,4.Type3,provincial
23421,GANGALAGAMUWA VIDYALAYA,"KAHANTHENNA, KALAWANA",Sabaragamuwa,91.Ratnapura,Nivitigala,Kalawana,4.Type3,provincial
23423,THANABELA MAHAWILAHENA VIDYALAYA,"POTHUPITIYA, KALAWANA",Sabaragamuwa,91.Ratnapura,Nivitigala,Kalawana,4.Type3,provincial
23424,DELGODA VIDYALAYA,"DAWGALA, KALAWANA",Sabaragamuwa,91.Ratnapura,Nivitigala,Kalawana,3.Type2,provincial
23425,WEDDAGALA KUDAWA VIDYALAYA,KUDAWA,Sabaragamuwa,91.Ratnapura,Nivitigala,Kalawana,4.Type3,provincial
23428,KALAWANA ROYAL PRIMARY SCHOOL,"THAPASSARAKANDA, KALAWANA",Sabaragamuwa,91.Ratnapura,Nivitigala,Kalawana,4.Type3,provincial
23429,KODIPPILIKANDA VIDAYALAYA,"KODIPPILIKANADA, KALAWANA",Sabaragamuwa,91.Ratnapura,Nivitigala,Kalawana,3.Type2,provincial
23430,PEDIKANDA JANAPADA VIDYALAYA,"SAMANPURA, KALAWANA",Sabaragamuwa,91.Ratnapura,Nivitigala,Kalawana,4.Type3,provincial
23432,WIJERIYA SUMANA MAHA VIDYALAYA,"WIJERIYA, RAKWANA HARAHA",Sabaragamuwa,91.Ratnapura,Embilipitiya,Kolonna,1.1AB,provincial
23433,KALLAGAMA SRI SUNANDA M.V.,"KELLA,KOLONNA",Sabaragamuwa,91.Ratnapura,Embilipitiya,Kolonna,1.1AB,provincial
23434,PANAMURA MAHA VIDYALAYA,PANAMURA,Sabaragamuwa,91.Ratnapura,Embilipitiya,Embilipitiya,1.1AB,provincial
23435,ITTAKANDA SINHARAJA M.V.,ITTAKANDA,Sabaragamuwa,91.Ratnapura,Embilipitiya,Kolonna,3.Type2,provincial
23436,KUMBURUGAMUWA MAHA VIDYALAYA,"HALWINNA, GODAKAWELA",Sabaragamuwa,91.Ratnapura,Embilipitiya,Kolonna,2.1C,provincial
23437,OMALPE MAHA VIDYALAYA,OMALPE,Sabaragamuwa,91.Ratnapura,Embilipitiya,Kolonna,2.1C,provincial
23438,GODAWELA MAHA VIDYALAYA,"GODAWELA, OMALPE",Sabaragamuwa,91.Ratnapura,Embilipitiya,Kolonna,2.1C,provincial
23439,BUTHKANDA VIDYALAYA,BORALUWAGEAINA VIA RAKWANA,Sabaragamuwa,91.Ratnapura,Embilipitiya,Kolonna,3.Type2,provincial
23440,THALAGAHAWATHTHA GAMINI VIDYALAYA,THALAGAHAWATHTHA BULUTHOTA,Sabaragamuwa,91.Ratnapura,Embilipitiya,Kolonna,3.Type2,provincial
23441,NEDOLAKANDA VIDYALAYA,BORALUWAGA AIYNA,Sabaragamuwa,91.Ratnapura,Embilipitiya,Kolonna,3.Type2,provincial
23442,WALALGODA VIDYALAYA,PANAMURA,Sabaragamuwa,91.Ratnapura,Embilipitiya,Embilipitiya,3.Type2,provincial
23443,HELAUDAKANDA VIDYALAYA,"HALVINNA, GODAKAWELA",Sabaragamuwa,91.Ratnapura,Embilipitiya,Kolonna,3.Type2,provincial
23444,MULANDIYAWALA MAHA VIDYALAYA,"MULANDIYAWALA, EMBILIPITIYA",Sabaragamuwa,91.Ratnapura,Embilipitiya,Embilipitiya,2.1C,provincial
23445,BULUTHOTA VIDYALAYA,BULUTHOTA,Sabaragamuwa,91.Ratnapura,Embilipitiya,Kolonna,3.Type2,provincial
23446,WEERABA MODEL SCHOOL,"PANAMURA ROAD, EMBILIPITIYA",Sabaragamuwa,91.Ratnapura,Embilipitiya,Embilipitiya,3.Type2,provincial
23447,DORAPANE MAHA VIDYALAYA,"DORAPANE, OMALPE",Sabaragamuwa,91.Ratnapura,Embilipitiya,Kolonna,1.1AB,provincial
23448,KOPPAKANDA VIDYALAYA,"KOPPAKANDA, OMALPE",Sabaragamuwa,91.Ratnapura,Embilipitiya,Kolonna,3.Type2,provincial
23449,DIYAPOTA VIDYALAYA,"DIYAPOTA, OMALPE",Sabaragamuwa,91.Ratnapura,Embilipitiya,Embilipitiya,3.Type2,provincial
23450,JANDURAMAHA VIDYALAYA,PANAMURA,Sabaragamuwa,91.Ratnapura,Embilipitiya,Embilipitiya,2.1C,provincial
23451,PITAKANDA VIDYALAYA,"PITAKANDA, BULUTOTA",Sabaragamuwa,91.Ratnapura,Embilipitiya,Kolonna,3.Type2,provincial
23452,ULLINDUWAWA VIDYALAYA,ULLINDUWAWA,Sabaragamuwa,91.Ratnapura,Embilipitiya,Kolonna,3.Type2,provincial
23453,EREPORUWA VIDYALAYA,KOLONNA,Sabaragamuwa,91.Ratnapura,Embilipitiya,Kolonna,4.Type3,provincial
23454,KALUGALA SRI HEMAGIRI VIDYALAYA,KALUGALA WIJERIYA,Sabaragamuwa,91.Ratnapura,Embilipitiya,Kolonna,3.Type2,provincial
23455,MADUWANWELA SRI SARANANDA VIDYALAYA,"MADUWANWELA, KOLONNA",Sabaragamuwa,91.Ratnapura,Embilipitiya,Kolonna,3.Type2,provincial
23456,MIYANAKOLADENIYA VIDYALAYA,"HALWINNA, GODAKAWELA",Sabaragamuwa,91.Ratnapura,Embilipitiya,Kolonna,4.Type3,provincial
23457,DADAYAMKANDA VIDYALAYA,"DADAYAMKANDA, OMALPE",Sabaragamuwa,91.Ratnapura,Embilipitiya,Embilipitiya,4.Type3,provincial
23458,DAMBEMADA VIDYALAYA,"HALVINNA, GODAKAWELA.",Sabaragamuwa,91.Ratnapura,Embilipitiya,Kolonna,4.Type3,provincial
23459,DEMATAKETIYA VIDYALAYA,"THENWAPITA, WIJERIYA",Sabaragamuwa,91.Ratnapura,Embilipitiya,Kolonna,4.Type3,provincial
23460,YAKMADITHTHA VIDYALAYA,"YAKMADITHTHA , BULUTHOTA",Sabaragamuwa,91.Ratnapura,Embilipitiya,Kolonna,4.Type3,provincial
23461,WAWLAPANA VIDYALAYA,"WAWLPANA, GODAKAWELA",Sabaragamuwa,91.Ratnapura,Embilipitiya,Kolonna,4.Type3,provincial
23462,HENAGGEGODA VIDYALAYA,HALWINNA GODAKAWELA,Sabaragamuwa,91.Ratnapura,Embilipitiya,Kolonna,4.Type3,provincial
23463,KARAGAHAYAYA VIDYALAYA,"KELLAGAMA, KOLONNA",Sabaragamuwa,91.Ratnapura,Embilipitiya,Kolonna,3.Type2,provincial
23464,EMBILIPITIYA MAHA VIDYALAYA,EMBILIPITIYA,Sabaragamuwa,91.Ratnapura,Embilipitiya,Embilipitiya,1.1AB,provincial
23466,KOLAMBAGEARA M.V.,KOLAMBAGEARA,Sabaragamuwa,91.Ratnapura,Embilipitiya,Embilipitiya,1.1AB,provincial
23467,CHANDRIKAWEWA JAYANTHI MAHA VIDYALAYA,PADALANGALA,Sabaragamuwa,91.Ratnapura,Embilipitiya,Embilipitiya,1.1AB,provincial
23468,PALLEBEDDA M.V.,PALLEBEDDA,Sabaragamuwa,91.Ratnapura,Embilipitiya,Embilipitiya,2.1C,provincial
23469,THUNKAMA MAHA VIDYALAYA,THUNAKAMA,Sabaragamuwa,91.Ratnapura,Embilipitiya,Embilipitiya,2.1C,provincial
23470,UDAWALAWA MAHA VIDYALAYA,UDAWALAWA,Sabaragamuwa,91.Ratnapura,Embilipitiya,Embilipitiya,1.1AB,provincial
23471,MORKETIYA M.V.,EMBILIPITIYA,Sabaragamuwa,91.Ratnapura,Embilipitiya,Embilipitiya,1.1AB,provincial
23472,KARAVILAYAYA VIDYALAYA,HAGALA THUNKAMA,Sabaragamuwa,91.Ratnapura,Embilipitiya,Embilipitiya,3.Type2,provincial
23473,KOSWATIYA VIDYALAYA,"KOSWETIYA, PALLEBADDA",Sabaragamuwa,91.Ratnapura,Embilipitiya,Embilipitiya,3.Type2,provincial
23474,GAGEYAYA VIDYALAYA,"99, GAGEYAYA, EMBILIPITIYA",Sabaragamuwa,91.Ratnapura,Embilipitiya,Embilipitiya,3.Type2,provincial
23475,D.A.RAJAPAKSHE MODEL P.S.,PADALANGALA,Sabaragamuwa,91.Ratnapura,Embilipitiya,Embilipitiya,4.Type3,provincial
23476,PANAHADUWA VIDYALAYA,KOLAMBAGEARA,Sabaragamuwa,91.Ratnapura,Embilipitiya,Embilipitiya,3.Type2,provincial
23477,THERAPUTHTHA VIDYALAYA,"THERUNANSEGAMA, THUNKAMA",Sabaragamuwa,91.Ratnapura,Embilipitiya,Embilipitiya,3.Type2,provincial
23478,MADUWANWELA JANAPADA VIDYALAYA,96 MADUWANWELA JANAPADAYA COLAMBAGEARA,Sabaragamuwa,91.Ratnapura,Embilipitiya,Embilipitiya,3.Type2,provincial
23479,THIBOLKETIYA VIDYALAYA,"THIBOLKETIYA, KOLAMBAGE- ARA",Sabaragamuwa,91.Ratnapura,Embilipitiya,Embilipitiya,3.Type2,provincial
23480,THORAKOLAYAYA MAHA VIDYALAYA,MULEDIYAWALA,Sabaragamuwa,91.Ratnapura,Embilipitiya,Embilipitiya,2.1C,provincial
23481,RANCHAMADAMA VIDYALAYA,"RANCHAMADAMA, KOLAMBAGE-ARA",Sabaragamuwa,91.Ratnapura,Embilipitiya,Embilipitiya,3.Type2,provincial
23482,HALMILLAKETIYA MAHA VIDYALAYA,THUNKAMA,Sabaragamuwa,91.Ratnapura,Embilipitiya,Embilipitiya,2.1C,provincial
23483,ANDOLUWA VIDYALAYA,"KEKUNAWATHTHA, KOLAMBAGE- ARA",Sabaragamuwa,91.Ratnapura,Embilipitiya,Embilipitiya,3.Type2,provincial
23484,URUPERESSA VIDYALAYA,PADALANGALA,Sabaragamuwa,91.Ratnapura,Embilipitiya,Embilipitiya,3.Type2,provincial
23485,KACHCHIGALA VIDYALAYA,"KACHCHIGALA, THUNKAMA",Sabaragamuwa,91.Ratnapura,Embilipitiya,Embilipitiya,3.Type2,provincial
23486,WALAWA NADEE VIDYALAYA,"JULANGETE, PADALANGALA",Sabaragamuwa,91.Ratnapura,Embilipitiya,Embilipitiya,3.Type2,provincial
23487,MIRISWELPOTHA VIDYALAYA,"MIRISWELPOTHA, KOLAMBAGEARA.",Sabaragamuwa,91.Ratnapura,Embilipitiya,Embilipitiya,3.Type2,provincial
23488,MODARAWANA VIDYALAYA,"MODARAWANA, EMBILIPITIYA.",Sabaragamuwa,91.Ratnapura,Embilipitiya,Embilipitiya,3.Type2,provincial
23489,NINDAGAMPELESSA VIDYALAYA,"99, GANGEYAYA, EMDILIPITIYA",Sabaragamuwa,91.Ratnapura,Embilipitiya,Embilipitiya,3.Type2,provincial
23490,KETAGALLARA VIDYALAYA,"KETAGALARA, EMBILIPITIYA",Sabaragamuwa,91.Ratnapura,Embilipitiya,Embilipitiya,3.Type2,provincial
23492,BULATHWALKANDA VIDYALAYA,PANAMURA,Sabaragamuwa,91.Ratnapura,Embilipitiya,Embilipitiya,3.Type2,provincial
23493,THITTAWELPATHA VIDYALAYA,PALLEBEDDA.,Sabaragamuwa,91.Ratnapura,Embilipitiya,Embilipitiya,4.Type3,provincial
23494,SRI GUNARATHNA VIDYALAYA,"SANKAPALA, KOLABAGEARA",Sabaragamuwa,91.Ratnapura,Embilipitiya,Embilipitiya,4.Type3,provincial
23495,SIRISAGABO VIDYALAYA,PADALANGALA,Sabaragamuwa,91.Ratnapura,Embilipitiya,Embilipitiya,3.Type2,provincial
23496,KANABEDI ARA VIDYALAYA,"KANABEDIARA, EMBILIPITIYA.",Sabaragamuwa,91.Ratnapura,Embilipitiya,Embilipitiya,3.Type2,provincial
23497,DUMBARA NO 02 TAMIL V.,"MINIPURA, DUMBARA",Sabaragamuwa,91.Ratnapura,Nivitigala,Ayagama,4.Type3,provincial
23498,DUMABARA NO 01 TAMIL V.,"MAINIAPURA, DUMBARA",Sabaragamuwa,91.Ratnapura,Nivitigala,Ayagama,3.Type2,provincial
23499,NIRIELLA TAMIL VIDYALAYA,DIGANAKANDA RATHNAPUR,Sabaragamuwa,91.Ratnapura,Nivitigala,Elapatha,3.Type2,provincial
23500,PALAWELA TAMIL VIDYALAYA,"UDA- NIRIELLA, RATHNAPURA",Sabaragamuwa,91.Ratnapura,Nivitigala,Elapatha,4.Type3,provincial
23501,MADABADDARA TAMIL V.,"MADABADDARA, KIRIELLA",Sabaragamuwa,91.Ratnapura,Nivitigala,Ayagama,3.Type2,provincial
23502,MATUWAGALA TAMIL V.,KIRIELLA,Sabaragamuwa,91.Ratnapura,Ratnapura,Kuruwita,3.Type2,provincial
23503,PUSSELLA TAMIL V.,PARAKADUWA,Sabaragamuwa,91.Ratnapura,Ratnapura,Kuruwita,4.Type3,provincial
23504,AL-AQSA MUSLIM M.V.,EHELIYAGODA,Sabaragamuwa,91.Ratnapura,Ratnapura,Eheliyagoda,2.1C,provincial
23505,MORAGALA TAMIL V.,"MORAGALA, EHELIYAGODA",Sabaragamuwa,91.Ratnapura,Ratnapura,Eheliyagoda,4.Type3,provincial
23506,DURUMPITIYA TAMIL V.,GETAHATTA,Sabaragamuwa,91.Ratnapura,Ratnapura,Eheliyagoda,4.Type3,provincial
23507,GETAHATHTHA TAMIL V.,GATAHATHTHA,Sabaragamuwa,91.Ratnapura,Ratnapura,Eheliyagoda,3.Type2,provincial
23508,AMUNUTHENNA TAMIL V.,"GALLELLA, RATHNAPURA",Sabaragamuwa,91.Ratnapura,Ratnapura,Sri Pada,3.Type2,provincial
23509,PORONUWA TAMIL V.,"PORONUWA, KAHAWATTA",Sabaragamuwa,91.Ratnapura,Ratnapura,Pelmadulla,4.Type3,provincial
23510,BOPETHTHA TAMIL V.,LELLOPITIYA,Sabaragamuwa,91.Ratnapura,Ratnapura,Pelmadulla,4.Type3,provincial
23511,LANSDOWNE TAMIL V.,"GONAKUMBURA, RATHNAPURA",Sabaragamuwa,91.Ratnapura,Ratnapura,Pelmadulla,4.Type3,provincial
23512,SRI WICKNESHWARA V.,"DEHENAKANDA, GALLALA, RATNAPURA",Sabaragamuwa,91.Ratnapura,Ratnapura,Sri Pada,4.Type3,provincial
23513,WEWELWATTA TAMIL V.,RATHNAPURA,Sabaragamuwa,91.Ratnapura,Ratnapura,Sri Pada,3.Type2,provincial
23514,SRI NA MAGAL V.,"GURUBAVILAGAMA, BALANGODA",Sabaragamuwa,91.Ratnapura,Ratnapura,Sri Pada,3.Type2,provincial
23515,RATNAPURA LELLOPITIYA TAMIL V.,LELLOPIIYA,Sabaragamuwa,91.Ratnapura,Ratnapura,Pelmadulla,4.Type3,provincial
23516,KALAIMAGAL TAMIL V.,"GALLALLA, RATHNAPURA",Sabaragamuwa,91.Ratnapura,Ratnapura,Sri Pada,2.1C,provincial
23517,DELA TAMIL M.V.,DELA,Sabaragamuwa,91.Ratnapura,Nivitigala,Nivitigala,2.1C,provincial
23518,MILLAVITIYA TAMIL VIDYALAYA,RATHNAPURA,Sabaragamuwa,91.Ratnapura,Nivitigala,Elapatha,3.Type2,provincial
23519,RAMBUKKANDA TAMIL VIDYALAYA,NIRALGAMA,Sabaragamuwa,91.Ratnapura,Nivitigala,Elapatha,3.Type2,provincial
23520,NORAGALLA TAMIL V.,DELA,Sabaragamuwa,91.Ratnapura,Nivitigala,Nivitigala,4.Type3,provincial
23521,BRIGHTON TAMIL V.,KARAWITA,Sabaragamuwa,91.Ratnapura,Nivitigala,Nivitigala,3.Type2,provincial
23522,KIRIBATHGALA TAMIL V.,NIVITHIGALA,Sabaragamuwa,91.Ratnapura,Nivitigala,Nivitigala,3.Type2,provincial
23523,PARAWATTA TAMIL V.,NIVITHIGALA,Sabaragamuwa,91.Ratnapura,Nivitigala,Nivitigala,4.Type3,provincial
23524,DOLOSWALA BARATHI TAMIL V.,NIVITHIGALA,Sabaragamuwa,91.Ratnapura,Nivitigala,Nivitigala,3.Type2,provincial
23525,COLOMBAGAMA TAMIL V.,NIVITHIGALA,Sabaragamuwa,91.Ratnapura,Nivitigala,Nivitigala,3.Type2,provincial
23526,HOUPE TAMIL VIDYALAYA,KAHAWATTA,Sabaragamuwa,91.Ratnapura,Nivitigala,Kahawatta,3.Type2,provincial
23527,ENDANA NO 01 TAMIL VIDYALAYA,MADALAGAMA KAHAWATTA,Sabaragamuwa,91.Ratnapura,Nivitigala,Kahawatta,3.Type2,provincial
23528,PARAKETIYA TAMIL VIDYALAYA,"DAMBULUWANA, RATHNAPURA",Sabaragamuwa,91.Ratnapura,Nivitigala,Elapatha,4.Type3,provincial
23529,N.MEENATCHIYAMMAL TAMIL VIDYALAYA,ENDANA KAHAWATTA,Sabaragamuwa,91.Ratnapura,Nivitigala,Kahawatta,2.1C,provincial
23530,RATNAPURA TAMIL M. V.,"OUTTER CIRCULAR ROAD, RATHNAPURA",Sabaragamuwa,91.Ratnapura,Ratnapura,Ratnapura,1.1AB,provincial
23531,AL-MACKIYA MUSLIM M.V.,"NO-09, MOSUE ROAD, RATHNAPURA",Sabaragamuwa,91.Ratnapura,Ratnapura,Ratnapura,2.1C,provincial
23532,HIDELLANA TAMIL V.,"GOLUWAWILA ROAD, RATNAPURA",Sabaragamuwa,91.Ratnapura,Ratnapura,Ratnapura,3.Type2,provincial
23533,ST. JOACHIM TAMIL V.,"HIDELLANA, RATHNAPURA",Sabaragamuwa,91.Ratnapura,Ratnapura,Kuruwita,2.1C,provincial
23535,KERERAGALA TAMIL V.,"KEERAGALA, KURUVITA",Sabaragamuwa,91.Ratnapura,Ratnapura,Kuruwita,3.Type2,provincial
23536,HEDGEFIELD V.,RATHNAPURA,Sabaragamuwa,91.Ratnapura,Ratnapura,Ratnapura,4.Type3,provincial
23537,ALUPOLA TAMIL V.,"WEWELWATHTHA, RATHNAPURA",Sabaragamuwa,91.Ratnapura,Ratnapura,Sri Pada,4.Type3,provincial
23538,GALABADA TAMIL V.,"GALLALA, RATNAPURA",Sabaragamuwa,91.Ratnapura,Ratnapura,Sri Pada,3.Type2,provincial
23539,NIVITHIGALA TAMIL V.,NIVITHIGALA,Sabaragamuwa,91.Ratnapura,Nivitigala,Nivitigala,4.Type3,provincial
23540,RATHGANGA TAMIL V.,"HAPUGASTHENNA, GALLELLA",Sabaragamuwa,91.Ratnapura,Ratnapura,Sri Pada,2.1C,provincial
23541,ERABADDA TAMIL V.,DELA,Sabaragamuwa,91.Ratnapura,Nivitigala,Nivitigala,4.Type3,provincial
23542,SRI VALLUWAR TAMIL V.,"MEDAGALATHURA , RATHNAPURA",Sabaragamuwa,91.Ratnapura,Nivitigala,Ayagama,3.Type2,provincial
23545,ASSALAM MUSLIM MAHA VIDYALAYA,RAKWANA,Sabaragamuwa,91.Ratnapura,Embilipitiya,Godakawela,2.1C,provincial
23546,SPRINGWOOD TAMIL VIDYALAYA,RAKWANA,Sabaragamuwa,91.Ratnapura,Embilipitiya,Godakawela,3.Type2,provincial
23547,OPATHA NO 01 TAMIL VIDYALAYA,KAHAWATTA,Sabaragamuwa,91.Ratnapura,Embilipitiya,Godakawela,3.Type2,provincial
23548,OPATHA NO 02 TAMIL VIDYALAYA,KAHAWATHTHA,Sabaragamuwa,91.Ratnapura,Embilipitiya,Godakawela,4.Type3,provincial
23549,OPATA NO 03 TAMIL V.,"OPATHA, KAHAWATTHA",Sabaragamuwa,91.Ratnapura,Embilipitiya,Godakawela,4.Type3,provincial
23550,MADAMPE NO 01 TAMIL V.,RAKWANA,Sabaragamuwa,91.Ratnapura,Embilipitiya,Godakawela,4.Type3,provincial
23551,MADAMPE NO 02 TAMIL VIDYALAYA,RAKWANA,Sabaragamuwa,91.Ratnapura,Embilipitiya,Godakawela,2.1C,provincial
23552,PALMCOTTA TAMIL SCHOOL,RAKWANA,Sabaragamuwa,91.Ratnapura,Embilipitiya,Godakawela,4.Type3,provincial
23553,HORAMULA TAMIL VIDYALAYA,DEMUWATHA RAKWANA,Sabaragamuwa,91.Ratnapura,Embilipitiya,Godakawela,4.Type3,provincial
23554,PANANA TAMIL V.,"ILLUKKUBURA, OPANAYAKA",Sabaragamuwa,91.Ratnapura,Balangoda,Weligepola,4.Type3,provincial
23555,NAVINNA TAMIL VIDYALAYA,PINNAKANDA GODAKAWELA,Sabaragamuwa,91.Ratnapura,Embilipitiya,Godakawela,4.Type3,provincial
23556,AKKARELLA TAMIL V.,"AKKARELLA, OPANAYAKA",Sabaragamuwa,91.Ratnapura,Balangoda,Weligepola,4.Type3,provincial
23557,HALLINNA TAMIL V.,OPANAYAKE,Sabaragamuwa,91.Ratnapura,Balangoda,Weligepola,4.Type3,provincial
23558,HUNUWELA TAMIL V.,"HUNUWELA, OPANAYAKA",Sabaragamuwa,91.Ratnapura,Balangoda,Weligepola,3.Type2,provincial
23560,KANAGANAYAGAM TAMIL M.V.,"RASSAGALA ROAD, BALANGODA",Sabaragamuwa,91.Ratnapura,Balangoda,Balangoda,1.1AB,provincial
23561,BALANGODA C.C. (CHURCH OF CHRIST) TAMIL.M.V.,"KARAWAKETIYA ROAD, BALANGODA",Sabaragamuwa,91.Ratnapura,Balangoda,Balangoda,2.1C,provincial
23562,BALANGODA HINDU TAMIL M.V.,"PINNAWALA ROAD, ELLERAWA, BALANGODA",Sabaragamuwa,91.Ratnapura,Balangoda,Imbulpe,2.1C,provincial
23563,PETTIGALA TAMIL V.,"PETTIGALA, BALANGODA",Sabaragamuwa,91.Ratnapura,Balangoda,Balangoda,3.Type2,provincial
23564,PINNAWALA TAMIL M.V.,"PINNAWALA, BALNAGODA",Sabaragamuwa,91.Ratnapura,Balangoda,Imbulpe,2.1C,provincial
23565,MADDEKANDA TAMIL V.,"MADDEKANDA, BALANGODA",Sabaragamuwa,91.Ratnapura,Balangoda,Balangoda,3.Type2,provincial
23566,RASSAGALA TAMIL V.,"RASSAGALA, BALANGODA",Sabaragamuwa,91.Ratnapura,Balangoda,Balangoda,3.Type2,provincial
23567,DENAGAMA TAMIL V.,"DENAGAMA ESTATE, BALANGODA",Sabaragamuwa,91.Ratnapura,Balangoda,Imbulpe,4.Type3,provincial
23568,DETHANAGALA TAMIL V.,"DETHANAGALA, BALANGODA",Sabaragamuwa,91.Ratnapura,Balangoda,Imbulpe,3.Type2,provincial
23569,CECILTON TAMIL V.,"PINNAWALA, BALANGODA",Sabaragamuwa,91.Ratnapura,Balangoda,Imbulpe,3.Type2,provincial
23570,PAMBAGOLLA TAMIL V.,"PINNAWALA, BALANGODA",Sabaragamuwa,91.Ratnapura,Balangoda,Imbulpe,3.Type2,provincial
23571,WALEBODA TAMIL V.,"PINNAWALA, BALANGODA",Sabaragamuwa,91.Ratnapura,Balangoda,Imbulpe,3.Type2,provincial
23572,HERAMITIGALA TAMIL V.,"RASSAGALA, BALANGODA",Sabaragamuwa,91.Ratnapura,Balangoda,Balangoda,3.Type2,provincial
23573,WALAWE TAMIL V.,BALANGADA,Sabaragamuwa,91.Ratnapura,Balangoda,Imbulpe,4.Type3,provincial
23574,WELEKUMBURA TAMIL V.,"RASSAGALA, BALANGODA.",Sabaragamuwa,91.Ratnapura,Balangoda,Balangoda,3.Type2,provincial
23575,VIVEGANANDA V.,"NONPERIYAL, BELIHULOYA",Sabaragamuwa,91.Ratnapura,Balangoda,Imbulpe,3.Type2,provincial
23576,WIKILIYA TAMIL V.,"WIKILIYA ESTATE, BALANGODA",Sabaragamuwa,91.Ratnapura,Balangoda,Balangoda,3.Type2,provincial
23577,DEPDEEN TAMIL SCHOOL,RAKWANA,Sabaragamuwa,91.Ratnapura,Nivitigala,Kalawana,3.Type2,provincial
23578,LANLABERIYA TAMIL SCHOOL,ITHTHANKANDA,Sabaragamuwa,91.Ratnapura,Embilipitiya,Kolonna,4.Type3,provincial
23579,AIGBURTH TAMIL MAHA VIDYALAYA,BULUTOTA,Sabaragamuwa,91.Ratnapura,Embilipitiya,Kolonna,2.1C,provincial
23580,KAHAWATHTHA SRI KRISHNA M. V.,KAHAWATHTHA,Sabaragamuwa,91.Ratnapura,Ratnapura,Pelmadulla,2.1C,provincial
23581,KALALELLA TAMIL VIDYALAYA,KALALELLA ATAKANPANNA,Sabaragamuwa,91.Ratnapura,Nivitigala,Kahawatta,3.Type2,provincial
23582,WELLANDHURA TAMIL VIDYALAYA,WELLANDHURA KAHAWATTA,Sabaragamuwa,91.Ratnapura,Nivitigala,Kahawatta,3.Type2,provincial
23583,DALUGGALA TAMIL VIDYALAYA,UDA HAUPE KAHAWATTA,Sabaragamuwa,91.Ratnapura,Nivitigala,Kahawatta,3.Type2,provincial
23584,NEELAGAMA TAMIL V.,KAHAWATTA,Sabaragamuwa,91.Ratnapura,Ratnapura,Pelmadulla,3.Type2,provincial
23585,RILHENA TAMIL V.,PELMADULLA,Sabaragamuwa,91.Ratnapura,Ratnapura,Pelmadulla,4.Type3,provincial
23586,SIVANANDA TAMIL V.,KAHAWATTA,Sabaragamuwa,91.Ratnapura,Ratnapura,Pelmadulla,3.Type2,provincial
23587,PALUGAMPALA TAMIL V.,"PALUGAMPALA, PELMADULLA",Sabaragamuwa,91.Ratnapura,Ratnapura,Pelmadulla,4.Type3,provincial
23588,PATHKADA TAMIL V.,"PATHAKADA, PALMADULLA",Sabaragamuwa,91.Ratnapura,Ratnapura,Pelmadulla,4.Type3,provincial
23589,DENAWAKA TAMIL V.,PELMADULLA,Sabaragamuwa,91.Ratnapura,Ratnapura,Pelmadulla,4.Type3,provincial
23590,KALAWANA TAMIL VIDYALAYA,"WEWELKADURA, KALAWANA",Sabaragamuwa,91.Ratnapura,Nivitigala,Kalawana,3.Type2,provincial
23591,HAYES TAMIL VIDYALAYA,ULLINDUWAWA,Sabaragamuwa,91.Ratnapura,Embilipitiya,Kolonna,3.Type2,provincial
23592,WIJAYAKUMARATHUNGA V.,"PARADAISE, RATNAPURA",Sabaragamuwa,91.Ratnapura,Ratnapura,Kuruwita,3.Type2,provincial
23595,NAMUNUTHENNA V.,"NAMUNUTHENNA, KIRIELLA",Sabaragamuwa,91.Ratnapura,Nivitigala,Ayagama,4.Type3,provincial
23596,GODAKAWELA RAHULA PRIMARY SCHOOL,GODAKAWELA,Sabaragamuwa,91.Ratnapura,Embilipitiya,Godakawela,4.Type3,provincial
23597,KOLAMBAGEARA BODHIMALUWA VIDYALAYA,"97, KOLAMBAGEARA",Sabaragamuwa,91.Ratnapura,Embilipitiya,Embilipitiya,3.Type2,provincial
23598,PANAHETAGALA VIDYALAYA,"WATHURAWA, KALAWANA",Sabaragamuwa,91.Ratnapura,Nivitigala,Kalawana,4.Type3,provincial
23599,INGINIGAHAGODA VIDYALAYA,MULEDIYAWALA EMBILIPITIYA,Sabaragamuwa,91.Ratnapura,Embilipitiya,Embilipitiya,4.Type3,provincial
23600,SUDARSHANA VIDYALAYA,"VALIPOTHAYAYA, PANAMURA",Sabaragamuwa,91.Ratnapura,Embilipitiya,Embilipitiya,3.Type2,provincial
23601,KAWANTHISSAPURA VIDYALAYA,"KAWNTHISSAPURA, EMBILIPITIYA",Sabaragamuwa,91.Ratnapura,Embilipitiya,Embilipitiya,2.1C,provincial
23602,HALMILLA ARA VIDYALAYA,KOLOMBAGEARA,Sabaragamuwa,91.Ratnapura,Embilipitiya,Embilipitiya,3.Type2,provincial
23604,KURUVITA ZAHIRA V.,"DELGAMUWA, KURUVITA",Sabaragamuwa,91.Ratnapura,Ratnapura,Kuruwita,2.1C,provincial
23605,RATHNAPURA PRINCE COLLEGE,"NEW TOWN, RATHNAPURA.",Sabaragamuwa,91.Ratnapura,Ratnapura,Ratnapura,1.1AB,provincial
23606,MADALAGAMA TAMIL VIDYALAYA,MADALAGAMA KAHAWATTA,Sabaragamuwa,91.Ratnapura,Nivitigala,Kahawatta,4.Type3,provincial
23607,GURUARAGAMA VIDYALAYA,"GALWANGUWA, EMBLIPITIYA.",Sabaragamuwa,91.Ratnapura,Embilipitiya,Embilipitiya,4.Type3,provincial
23608,NIVITHIGALA SUMANA KANISHTA V.,NIVITHIGALA,Sabaragamuwa,91.Ratnapura,Nivitigala,Nivitigala,4.Type3,provincial
23609,HAKBELIARA VIDYALAYA,"KALLAGAMA, KOLLONNA",Sabaragamuwa,91.Ratnapura,Embilipitiya,Kolonna,4.Type3,provincial
23612,UDAWALAWA JUNIOUR SCHOOL,UDAWALAWA,Sabaragamuwa,91.Ratnapura,Embilipitiya,Embilipitiya,4.Type3,provincial
23613,EMBILIPITIYA ROYAL COLLEGE,"PALLEGAMA, EMBILIPITIYA",Sabaragamuwa,91.Ratnapura,Embilipitiya,Embilipitiya,3.Type2,provincial
23614,PELMADULLA NO 02 TAMIL V.,"GODAGAMA, KAHAWATTA",Sabaragamuwa,91.Ratnapura,Ratnapura,Pelmadulla,4.Type3,provincial
23615,SINHALAGODA TAMIL V.,"MEDAGALATHURA, RATHNAPURA",Sabaragamuwa,91.Ratnapura,Nivitigala,Ayagama,4.Type3,provincial
23616,KAHAWATTA MUSLIM VIDYALAYA,"2ND CROSS ELLAGEWATTA, KAHAWATTA",Sabaragamuwa,91.Ratnapura,Nivitigala,Kahawatta,2.1C,provincial
23617,GAMINI PRIMARY SCHOOL,"KOSWATHTHA, KALAWANA",Sabaragamuwa,91.Ratnapura,Nivitigala,Kalawana,4.Type3,provincial
23618,WIJERIYA PRIMARY SCHOOL,WIJERIYA,Sabaragamuwa,91.Ratnapura,Embilipitiya,Kolonna,4.Type3,provincial
23619,VIDYAKARA P.V.,OPANAYAKE,Sabaragamuwa,91.Ratnapura,Balangoda,Weligepola,4.Type3,provincial
23620,ELAPATHA PRIMARY SCHOOL,ELAPATHA,Sabaragamuwa,91.Ratnapura,Nivitigala,Elapatha,4.Type3,provincial
23621,SRI BUDDHA JAYANTHI P.V.,"THUMBAGODA, BALANGODA",Sabaragamuwa,91.Ratnapura,Balangoda,Balangoda,4.Type3,provincial
23622,SOMADEVI P.V.,"WELIGEPOLA, BALANGODA",Sabaragamuwa,91.Ratnapura,Balangoda,Weligepola,4.Type3,provincial
23623,AL-MINARA V.,"DEHIGASTHALAWA, BALANGODA.",Sabaragamuwa,91.Ratnapura,Balangoda,Balangoda,4.Type3,provincial
23624,DELA TAMIL P.V.,DELA,Sabaragamuwa,91.Ratnapura,Nivitigala,Nivitigala,4.Type3,provincial
23625,KOLONNA PRIMARY SCHOOL,KOLONNA,Sabaragamuwa,91.Ratnapura,Embilipitiya,Kolonna,4.Type3,provincial
23626,ANANDA PRIMARY SCHOOL,"ERATHNA, KURUVITA",Sabaragamuwa,91.Ratnapura,Ratnapura,Kuruwita,4.Type3,provincial
23627,WEWEWATHTHA VIDYALAYA,OMALPE,Sabaragamuwa,91.Ratnapura,Embilipitiya,Kolonna,4.Type3,provincial
23628,RAKWANA ST. JOHNS PRIMARY SCHOOL,RAKWANA,Sabaragamuwa,91.Ratnapura,Embilipitiya,Godakawela,4.Type3,provincial
23629,DAPANE PRIMARY SCHOOL,"DAPANE, OMALPE",Sabaragamuwa,91.Ratnapura,Embilipitiya,Kolonna,4.Type3,provincial
23630,KEHELIYAGAMA NEW MODEL PRIMARY SCHOOL,"KELLAGAMA, KOLONNA",Sabaragamuwa,91.Ratnapura,Embilipitiya,Kolonna,4.Type3,provincial
23631,SRI KHEMANANDA PRIMARY SCHOOL,PANAMURA,Sabaragamuwa,91.Ratnapura,Embilipitiya,Embilipitiya,4.Type3,provincial
23632,AL-HIKMA MUSLIM V.,"KALAVITIGODA, ASKANGULA, EHELIYAGODA",Sabaragamuwa,91.Ratnapura,Ratnapura,Eheliyagoda,4.Type3,provincial
23633,KALAWANA PRIMARY SCHOOL,KALAWANA,Sabaragamuwa,91.Ratnapura,Nivitigala,Kalawana,4.Type3,provincial
23634,KARAGASTHALAWA P.V.,BELIHULOYA,Sabaragamuwa,91.Ratnapura,Balangoda,Imbulpe,4.Type3,provincial
23636,RATNAPURA TAMIL PRIMARY SCHOOL,"OUTTER CIRCULAR ROAD, RATHNAPURA",Sabaragamuwa,91.Ratnapura,Ratnapura,Ratnapura,4.Type3,provincial
23637,GAWARAGIRIYA NEW PRIMARY SCHOOL,"GAWARAGIRIYA, AYAGAMA",Sabaragamuwa,91.Ratnapura,Nivitigala,Ayagama,4.Type3,provincial
23638,AYAGAMA NEW P.V.,AYAGAMA,Sabaragamuwa,91.Ratnapura,Nivitigala,Ayagama,4.Type3,provincial
23639,THAKSHILA P.V.,"DUMBARAMANANA, RATHNAPURA",Sabaragamuwa,91.Ratnapura,Nivitigala,Ayagama,4.Type3,provincial
23640,COLAMBAGAMA MAHANAMA P.V.,NIVITHIGALA,Sabaragamuwa,91.Ratnapura,Nivitigala,Nivitigala,4.Type3,provincial
23641,VIJAYA P.V.,"UDAWELA, OPANAYAKA.",Sabaragamuwa,91.Ratnapura,Balangoda,Weligepola,4.Type3,provincial
23642,KALALELLA PRIMARY SCHOOL,KALALELLA ATAKALANPANNA,Sabaragamuwa,91.Ratnapura,Nivitigala,Kahawatta,4.Type3,provincial
23643,RAMBUKA PRIMARY SHOOL,"POTHUPITIYA, KALAWANA",Sabaragamuwa,91.Ratnapura,Nivitigala,Kalawana,4.Type3,provincial
23644,GABBELA PRIMARY SCHOOL,GABBELA KAHAWATTA,Sabaragamuwa,91.Ratnapura,Nivitigala,Kahawatta,4.Type3,provincial
23645,PALAWELA RATHNAKARA PRIMARY SCHOOL,PALAWELA UDA NIRIELLA,Sabaragamuwa,91.Ratnapura,Nivitigala,Elapatha,4.Type3,provincial
23648,DODAMPE P.V.,"DODAMPE, RATNAPURA",Sabaragamuwa,91.Ratnapura,Ratnapura,Kuruwita,4.Type3,provincial
23649,SRI RAHULA PRIMARY SCHOOL,LELLOPITIYA,Sabaragamuwa,91.Ratnapura,Ratnapura,Pelmadulla,4.Type3,provincial
23650,ERAPOLA SRI MAHINDA P.V.,"ERAPOLA, EHELIYAGODA",Sabaragamuwa,91.Ratnapura,Ratnapura,Eheliyagoda,4.Type3,provincial
23652,WELIPATHAYAYA P.V.,"WELIPATHAYAYA, BALANGODA",Sabaragamuwa,91.Ratnapura,Balangoda,Balangoda,4.Type3,provincial
23653,KUMBURUGAMUWA NEW PRIMARY SCHOOL,"HALWINNA, GODAKAWELA.",Sabaragamuwa,91.Ratnapura,Embilipitiya,Kolonna,4.Type3,provincial
23654,KANAGANAYAGAM P.V.,"RASSAGALA RD, BALANGODA.",Sabaragamuwa,91.Ratnapura,Balangoda,Balangoda,4.Type3,provincial
23655,SRI NARADA P.V.,"VIKILIYA, BALANGODA",Sabaragamuwa,91.Ratnapura,Balangoda,Balangoda,4.Type3,provincial
23656,SRI WAJIRAWANSA P.V.,"AMBEWILA, PALLEBADDA",Sabaragamuwa,91.Ratnapura,Balangoda,Weligepola,4.Type3,provincial
23657,HAUPE NAWALAKANDA PRIMARY SCHOOL,UDA HAUPE KAHAWATTA,Sabaragamuwa,91.Ratnapura,Nivitigala,Kahawatta,4.Type3,provincial
24001,BERANNAWA ABAYARAJA M.V.,"BERANNAWA, YATIYANTHOYA",Sabaragamuwa,92.Kegalle,Dehiowita,Kitulgala,2.1C,provincial
24002,DOMBEPOLA K.V.,"DOMBEPOLA, MALALPOLA",Sabaragamuwa,92.Kegalle,Dehiowita,Kitulgala,3.Type2,provincial
24003,SEAFORTH SENANAYAKA VIDYALAYA,"SEAFORTH, YATIYANTHOTA",Sabaragamuwa,92.Kegalle,Dehiowita,Kitulgala,3.Type2,provincial
24004,AMANAWALA GAMINI VIDYALAYA,"AMANAWALA, BERANNAWA",Sabaragamuwa,92.Kegalle,Dehiowita,Kitulgala,3.Type2,provincial
24005,PELAMPITIYA K.V.,"PELAMPITIYA, BERANNAWA, YATIYANTHOTA",Sabaragamuwa,92.Kegalle,Dehiowita,Kitulgala,3.Type2,provincial
24006,KANDALOYA NO 01 TAMIL VIDYALAYA,"KANDALOYA, NAWALAPITIYA",Sabaragamuwa,92.Kegalle,Dehiowita,Kitulgala,2.1C,provincial
24008,NAGASTHENNA TAMIL VIDYALAYA,NAWALAPITIYA,Sabaragamuwa,92.Kegalle,Dehiowita,Kitulgala,2.1C,provincial
24010,WEWELTHALAWA TAMIL V.,YATIYANTHOTA,Sabaragamuwa,92.Kegalle,Dehiowita,Kitulgala,4.Type3,provincial
24011,MALALPOLA MAHA VIDYALAYA,"MAMALPOLA, YATIYANTHOTA",Sabaragamuwa,92.Kegalle,Dehiowita,Kitulgala,2.1C,provincial
24012,WEEOYA K.V.,WEEOYA YATIYANTHOTA,Sabaragamuwa,92.Kegalle,Dehiowita,Kitulgala,3.Type2,provincial
24013,WELIHELATHENNA K.V.,"WELIHELATHENNA, YATIYANTHOTA",Sabaragamuwa,92.Kegalle,Dehiowita,Kitulgala,3.Type2,provincial
24014,GANGASIRIKUMARA K.V.,"DENAWAKWATHTHA, MALALPOLA",Sabaragamuwa,92.Kegalle,Dehiowita,Kitulgala,3.Type2,provincial
24016,KITHU MUGUNUWALA P.V.,"WELIHELATHENNA, YATIYANTHOTA",Sabaragamuwa,92.Kegalle,Dehiowita,Kitulgala,4.Type3,provincial
24017,WEE - OYA TAMIL V.,"WEEOYA WATTHA, YATIYANTHOTA",Sabaragamuwa,92.Kegalle,Dehiowita,Kitulgala,4.Type3,provincial
24018,POONUGALA TAMIL V.,"POONUGALA ESTATE, YATIYANTHOTA",Sabaragamuwa,92.Kegalle,Dehiowita,Kitulgala,2.1C,provincial
24019,HALGOLLE TAMIL VIDYALAYA,"HALGOLLE ESTATE, YATIYANTHOTA",Sabaragamuwa,92.Kegalle,Dehiowita,Kitulgala,3.Type2,provincial
24020,KALYANI M.V.,KITHULAGALA,Sabaragamuwa,92.Kegalle,Dehiowita,Kitulgala,1.1AB,provincial
24021,KIRIKOHUTHENNA K.V.,"KIRIKOHUTHENNA, KITHULGALA",Sabaragamuwa,92.Kegalle,Dehiowita,Kitulgala,3.Type2,provincial
24022,MAHABAGE KANISHTA VIDYALAYA,"DUNUKEDENIYA, MAHABAGE, KITHULGALA",Sabaragamuwa,92.Kegalle,Dehiowita,Kitulgala,3.Type2,provincial
24024,ATHULAUDA P.V.,"MAHABAGE, KITHULGALA",Sabaragamuwa,92.Kegalle,Dehiowita,Kitulgala,4.Type3,provincial
24025,VIDYA PREDEEPA P.V.,KITHULGALA,Sabaragamuwa,92.Kegalle,Dehiowita,Kitulgala,4.Type3,provincial
24026,PRABASHWARA P.V.,"MALWATHTHA ROAD, KITHULGALA",Sabaragamuwa,92.Kegalle,Dehiowita,Kitulgala,4.Type3,provincial
24028,INGOYA TAMIL V.,KITHULGALA,Sabaragamuwa,92.Kegalle,Dehiowita,Kitulgala,3.Type2,provincial
24029,INGIRIYAWATTA MAHA VIDYALAYA,"INGIRIYAWATTA, THELIGAMA",Sabaragamuwa,92.Kegalle,Dehiowita,Kitulgala,3.Type2,provincial
24030,GONAGAMUWA K.V.,"GONAGAMUWA, KITHULGALA",Sabaragamuwa,92.Kegalle,Dehiowita,Kitulgala,3.Type2,provincial
24031,POLPITIYA K.V.,"WELIHELATHENNA, YATIYANTHOTA",Sabaragamuwa,92.Kegalle,Dehiowita,Kitulgala,3.Type2,provincial
24032,GANEPALLA K.V.,TELIGAMA,Sabaragamuwa,92.Kegalle,Dehiowita,Kitulgala,3.Type2,provincial
24033,HAKBELLAWAKA K.V.,HAKBELLAWAKA,Sabaragamuwa,92.Kegalle,Dehiowita,Kitulgala,3.Type2,provincial
24034,PALLEBAGE K.V.,"PALLEBAGE UTHURA, KITHULGALA",Sabaragamuwa,92.Kegalle,Dehiowita,Deraniyagala,3.Type2,provincial
24036,POLPITIYA P.V.,"WELIHELATHENNA, YATIYANTHOTA",Sabaragamuwa,92.Kegalle,Dehiowita,Kitulgala,4.Type3,provincial
24039,BEHENELLA P.V.,THILIGAMA,Sabaragamuwa,92.Kegalle,Dehiowita,Deraniyagala,4.Type3,provincial
24041,GANEPALLA TAMIL V.,"GANEPALLA, YATIYANTHOTA",Sabaragamuwa,92.Kegalle,Dehiowita,Kitulgala,4.Type3,provincial
24043,KABULUMULLA LAMA MITHURU MODEL SCHOOL,RUWANWELLA,Sabaragamuwa,92.Kegalle,Dehiowita,Yatiyantota,3.Type2,provincial
24044,YATIYANTHOTA SIRIWARDHANA MAHA VIDYALAYA,YATIYANTHOTA,Sabaragamuwa,92.Kegalle,Dehiowita,Yatiyantota,2.1C,provincial
24046,GARAGODA SINHALA K.V.,"GARAGODA, YATIYANTHOTA",Sabaragamuwa,92.Kegalle,Dehiowita,Yatiyantota,3.Type2,provincial
24047,KELANI TAMIL VIDYALAYA,AMPAGALA,Sabaragamuwa,92.Kegalle,Dehiowita,Yatiyantota,3.Type2,provincial
24048,YATIYANTHOTA ST. MARY'S TAMIL M.V.,YATIYANTHOTA,Sabaragamuwa,92.Kegalle,Dehiowita,Yatiyantota,1.1AB,provincial
24049,GARAGODA MUSLIM M.V.,"GARAGODA, YATIYANTHOTA",Sabaragamuwa,92.Kegalle,Dehiowita,Yatiyantota,2.1C,provincial
24050,MAHAWILA WARAKAGODA P.V.,"MAHAWILA, YATIYANTHOTA",Sabaragamuwa,92.Kegalle,Dehiowita,Yatiyantota,4.Type3,provincial
24051,VIDYALOKA P.V.,YATIYANTHOTA,Sabaragamuwa,92.Kegalle,Dehiowita,Yatiyantota,4.Type3,provincial
24052,DUNEDIN TAMIL V.,YATIYANTHOTA,Sabaragamuwa,92.Kegalle,Dehiowita,Yatiyantota,4.Type3,provincial
24053,PANAWATTHA TAMIL V.,YATIYANTHOTA,Sabaragamuwa,92.Kegalle,Dehiowita,Yatiyantota,3.Type2,provincial
24054,LAVANT TAMIL V.,YATIYANTHOTA,Sabaragamuwa,92.Kegalle,Dehiowita,Kitulgala,3.Type2,provincial
24055,NEW POLATAGAMA TAMIL V.,"WE OYA, YATIYANTHOTA",Sabaragamuwa,92.Kegalle,Dehiowita,Kitulgala,3.Type2,provincial
24056,BORALANKADA M.V.,BORALANKADA,Sabaragamuwa,92.Kegalle,Dehiowita,Dehiowita,3.Type2,provincial
24057,DELLOLUWA K.V.,DELLOLUWA,Sabaragamuwa,92.Kegalle,Dehiowita,Dehiowita,3.Type2,provincial
24058,MEEGASTHENNA M.V.,"MEEGASTHENNA, YATIYANTHOTA",Sabaragamuwa,92.Kegalle,Dehiowita,Dehiowita,2.1C,provincial
24062,KATULANDA PRIMARY SCHOOL,"BORALANKADA, DEHIOWITA",Sabaragamuwa,92.Kegalle,Dehiowita,Dehiowita,4.Type3,provincial
24063,SAPUMALKANDA TAMIL M.V.,DERANIYAGALA,Sabaragamuwa,92.Kegalle,Dehiowita,Dehiowita,2.1C,provincial
24064,CLUNES TAMIL VIDYALAYA,DERANIYAGALA,Sabaragamuwa,92.Kegalle,Dehiowita,Dehiowita,4.Type3,provincial
24065,UDABAGE TAMIL V.,BORALANKADA DERANIYAGALA,Sabaragamuwa,92.Kegalle,Dehiowita,Dehiowita,3.Type2,provincial
24067,NAPAWALA DUDLEY SENANAYAKA M.V.,"NAPAWALA, AVISSAWELLA",Sabaragamuwa,92.Kegalle,Dehiowita,Dehiowita,3.Type2,provincial
24068,KAHANAWITA K.V.,KAHANAWITA DEHIOWITA,Sabaragamuwa,92.Kegalle,Dehiowita,Dehiowita,3.Type2,provincial
24069,DIGALA K.V.,DIGALA DERANIYAGALA,Sabaragamuwa,92.Kegalle,Dehiowita,Dehiowita,3.Type2,provincial
24070,IHALA THALDUWA K.V.,"IHALA THALDUWA, AVISSAWELLA",Sabaragamuwa,92.Kegalle,Dehiowita,Dehiowita,3.Type2,provincial
24071,THALDUWA BAUDDHA M.V.,"THALDUWA, AVISSAWELLA",Sabaragamuwa,92.Kegalle,Dehiowita,Dehiowita,1.1AB,provincial
24072,DAIGALA K.V.,"NAPAWALA, AVISSAWELLA",Sabaragamuwa,92.Kegalle,Dehiowita,Dehiowita,3.Type2,provincial
24073,GURUGALLA KANISTA VIDYALAYA,AVISSAWELLA,Sabaragamuwa,92.Kegalle,Dehiowita,Dehiowita,3.Type2,provincial
24074,THALDUWA MUSLIM MAHA VIDYALAYA,THALDUWA AVISSAWELLA,Sabaragamuwa,92.Kegalle,Dehiowita,Dehiowita,2.1C,provincial
24075,NAPAWALA MUSLIM M.V.,NAPAWALA AWISSAWELLA,Sabaragamuwa,92.Kegalle,Dehiowita,Dehiowita,2.1C,provincial
24076,DEHIOWITA TAMIL M.V.,DEHIOWITA,Sabaragamuwa,92.Kegalle,Dehiowita,Dehiowita,1.1AB,provincial
24077,DEBEGAMA KAMBURAPOLA K.V.,KAMBURAPOLA DEHIOWITA,Sabaragamuwa,92.Kegalle,Dehiowita,Dehiowita,4.Type3,provincial
24078,KELEGAMA P.V.,KELEGAMA NAPAWALA AVISSAWELLA,Sabaragamuwa,92.Kegalle,Dehiowita,Dehiowita,4.Type3,provincial
24079,EPALAPITIYA P.V.,EPALAPITIYA AWISSAWELLA,Sabaragamuwa,92.Kegalle,Dehiowita,Dehiowita,4.Type3,provincial
24080,EYLA TAMIL V.,EYLA RUBBER ESTATE BORALANKADA DEHIOWITA,Sabaragamuwa,92.Kegalle,Dehiowita,Dehiowita,4.Type3,provincial
24081,MAHA OYA TAMIL V.,DEHIOWITA,Sabaragamuwa,92.Kegalle,Dehiowita,Dehiowita,4.Type3,provincial
24082,DENSWORTH TAMIL V.,DEHIOWITA,Sabaragamuwa,92.Kegalle,Dehiowita,Dehiowita,3.Type2,provincial
24083,DIGALA TAMIL V.,DIGALA DEHIOWITA,Sabaragamuwa,92.Kegalle,Dehiowita,Dehiowita,3.Type2,provincial
24084,KALAIMAGAL TAMIL V.,"THALDUWA ESTATE, AVISSAWELLA",Sabaragamuwa,92.Kegalle,Dehiowita,Dehiowita,4.Type3,provincial
24085,RANJAN WIJERATHNA M.V.,PANAWALA EHELIYAGODA,Sabaragamuwa,92.Kegalle,Dehiowita,Dehiowita,2.1C,provincial
24086,MANIYANGAMA M.V.,IHALA MANIYANGAMA AVISSAWELLA,Sabaragamuwa,92.Kegalle,Dehiowita,Dehiowita,2.1C,provincial
24087,MURUTHTHETTUWA K.V.,"MURUTHTHETTUWA, DEHIOWITA",Sabaragamuwa,92.Kegalle,Dehiowita,Dehiowita,3.Type2,provincial
24088,YOGAMA MODEL K.V.,YOGAMA DEHIOWITA,Sabaragamuwa,92.Kegalle,Dehiowita,Dehiowita,3.Type2,provincial
24090,PAHALA MANIYAMGAMA P.V.,MANIYAMGAMA AVISSAWELLA,Sabaragamuwa,92.Kegalle,Dehiowita,Dehiowita,4.Type3,provincial
24091,WELANGALLA KANISHTA VIDYALAYA,"WELANGALLA, GETAHETHTHA",Sabaragamuwa,92.Kegalle,Dehiowita,Dehiowita,3.Type2,provincial
24092,THALUMPITIYA P.V.,PANAWALA EHALIYAGODA,Sabaragamuwa,92.Kegalle,Dehiowita,Dehiowita,4.Type3,provincial
24094,YOGAMA TAMIL V.,DEHIOWITA,Sabaragamuwa,92.Kegalle,Dehiowita,Dehiowita,3.Type2,provincial
24095,HATHNAGALA TAMIL V.,PANAWALA,Sabaragamuwa,92.Kegalle,Dehiowita,Dehiowita,4.Type3,provincial
24096,EHELIYAGODA TAMIL V.,EHELIYAGODA,Sabaragamuwa,92.Kegalle,Dehiowita,Dehiowita,3.Type2,provincial
24097,WELANGALLA TAMIL V.,GETAHETHTHA,Sabaragamuwa,92.Kegalle,Dehiowita,Dehiowita,4.Type3,provincial
24098,HINGURALAKANDA M.V.,HIGURALAKANDA DEHIOWITA,Sabaragamuwa,92.Kegalle,Dehiowita,Dehiowita,2.1C,provincial
24099,IMBULPITIYA K.V.,IMBULPITIYA GODAGAMPOLA,Sabaragamuwa,92.Kegalle,Dehiowita,Dehiowita,3.Type2,provincial
24100,PANNILA WEERASINGHE K.V.,PANNILA PARAKADUWA,Sabaragamuwa,92.Kegalle,Dehiowita,Dehiowita,3.Type2,provincial
24101,AMBALANPITIYA M.V.,AMBALANPITIYA GODAGAMPALA PARAKADUWA,Sabaragamuwa,92.Kegalle,Dehiowita,Dehiowita,3.Type2,provincial
24102,IDDAMALLENA M.V.,GODAGAMPALA,Sabaragamuwa,92.Kegalle,Dehiowita,Dehiowita,3.Type2,provincial
24103,DANGAMPALA P.V.,DEHIOWITA,Sabaragamuwa,92.Kegalle,Dehiowita,Dehiowita,4.Type3,provincial
24105,THALAPITIYA P.V.,PANAWALA EHELIYAGODA,Sabaragamuwa,92.Kegalle,Dehiowita,Dehiowita,4.Type3,provincial
24106,PUSPASHENA P.V.,GODAGAMPOLA PARAKADUWA,Sabaragamuwa,92.Kegalle,Dehiowita,Dehiowita,4.Type3,provincial
24108,NAHELMA TAMIL V.,HINGURAKANDA DEHIOWITA,Sabaragamuwa,92.Kegalle,Dehiowita,Dehiowita,4.Type3,provincial
24109,PAMBEGAMA TAMIL V.,HINGURALAKANDE DEHIOWITA,Sabaragamuwa,92.Kegalle,Dehiowita,Dehiowita,3.Type2,provincial
24110,SRIVAANI TAMIL V.,"HEMINGFORD 01, PARAKADUWA",Sabaragamuwa,92.Kegalle,Dehiowita,Dehiowita,2.1C,provincial
24111,MANIKKANDA TAMIL V.,GODAGAMPOLA PARAKADUWA,Sabaragamuwa,92.Kegalle,Dehiowita,Dehiowita,4.Type3,provincial
24113,DERANIYAGALA MUHANDIRAM VIDYALAYA,DERANIYAGALA,Sabaragamuwa,92.Kegalle,Dehiowita,Deraniyagala,3.Type2,provincial
24114,AMARASINGHA K.V.,"UDAHENKANDA, DERANIYAGALA",Sabaragamuwa,92.Kegalle,Dehiowita,Deraniyagala,4.Type3,provincial
24115,UDAPOLA K.V.,"UDAPOLA, DERANIYAGALA",Sabaragamuwa,92.Kegalle,Dehiowita,Deraniyagala,3.Type2,provincial
24116,MIYANAWITA K.V.,"MIYANAWITA, DERANIYAGALA.",Sabaragamuwa,92.Kegalle,Dehiowita,Deraniyagala,3.Type2,provincial
24117,KOSGAHAKANDA M.V.,KOSGAHAKANDA MIYANAWITA DERANIYAGALA,Sabaragamuwa,92.Kegalle,Dehiowita,Deraniyagala,2.1C,provincial
24118,HATHKELA K.V.,HATHKELA MIYANAWITA,Sabaragamuwa,92.Kegalle,Dehiowita,Deraniyagala,4.Type3,provincial
24119,DEMADA K.V.,MIYANAWITA DERANIYAGALA,Sabaragamuwa,92.Kegalle,Dehiowita,Deraniyagala,3.Type2,provincial
24120,SRI KATHIRESAN TAMIL M.V.,"HAMBANAWELA, DERANIYAGALA",Sabaragamuwa,92.Kegalle,Dehiowita,Deraniyagala,1.1AB,provincial
24121,THANTHRIKKANDA P.V.,MIYANAWITA DERANIYAGALA,Sabaragamuwa,92.Kegalle,Dehiowita,Deraniyagala,4.Type3,provincial
24123,LIHINIYAGALA PRIMARY SCHOOL,DERANIYAGALA,Sabaragamuwa,92.Kegalle,Dehiowita,Deraniyagala,4.Type3,provincial
24124,SARASWATHI TAMIL M.V.,MIYANAWITA,Sabaragamuwa,92.Kegalle,Dehiowita,Deraniyagala,2.1C,provincial
24125,BASNAGALA M.V.,BASNAGALA NOORI,Sabaragamuwa,92.Kegalle,Dehiowita,Deraniyagala,2.1C,provincial
24126,ANHETTIGAMA M.V.,ANHETTIGAMA,Sabaragamuwa,92.Kegalle,Dehiowita,Deraniyagala,2.1C,provincial
24127,NILWALA P.V.,NILWALA NOORIYA,Sabaragamuwa,92.Kegalle,Dehiowita,Deraniyagala,4.Type3,provincial
24128,WILAGAMA K.V.,NOORI,Sabaragamuwa,92.Kegalle,Dehiowita,Deraniyagala,3.Type2,provincial
24130,KEHELWALA PRIMARY SCHOOL,KEHELWALA ANHETTIGAMA,Sabaragamuwa,92.Kegalle,Dehiowita,Deraniyagala,4.Type3,provincial
24131,POLGASWATTHA M.V.,POLGASWATTHA NOORI,Sabaragamuwa,92.Kegalle,Dehiowita,Deraniyagala,3.Type2,provincial
24132,DODAWATHTHA P.V.,DODAWATHTHA NOORIYA,Sabaragamuwa,92.Kegalle,Dehiowita,Deraniyagala,4.Type3,provincial
24136,NOORI TAMIL VIDYALAYA,NOORI,Sabaragamuwa,92.Kegalle,Dehiowita,Deraniyagala,3.Type2,provincial
24137,LASSANAGAMA TAMIL V.,DERANIYAGALA,Sabaragamuwa,92.Kegalle,Dehiowita,Deraniyagala,4.Type3,provincial
24138,POTHDENIKANDA M.V.,POTHDENIKANDA MALIBODA,Sabaragamuwa,92.Kegalle,Dehiowita,Deraniyagala,2.1C,provincial
24139,NAKKAVITA K.V.,NAKKAVITA DERANIYAGALA,Sabaragamuwa,92.Kegalle,Dehiowita,Deraniyagala,3.Type2,provincial
24140,HINGURANA K.V.,THALAWA MALIBODA,Sabaragamuwa,92.Kegalle,Dehiowita,Deraniyagala,3.Type2,provincial
24141,SRI DEWANANDA K.V.,UDA MALIBODA MALIBODA,Sabaragamuwa,92.Kegalle,Dehiowita,Deraniyagala,3.Type2,provincial
24142,MAGALA K.V.,MAGALA MALIBODA,Sabaragamuwa,92.Kegalle,Dehiowita,Deraniyagala,3.Type2,provincial
24143,DIKELLAKANDA K.V.,DIKELLAKANDA DERANIYAGALA,Sabaragamuwa,92.Kegalle,Dehiowita,Deraniyagala,3.Type2,provincial
24144,YATIWALA K.V.,MIYANAWITA DERANIYAGALA,Sabaragamuwa,92.Kegalle,Dehiowita,Deraniyagala,3.Type2,provincial
24145,PANAKOORA HARADAHA P.V.,HARADAHA ANHETTIGAMA,Sabaragamuwa,92.Kegalle,Dehiowita,Deraniyagala,4.Type3,provincial
24148,MAHAYAYA P.V.,MAHAYAYA MALIBODA,Sabaragamuwa,92.Kegalle,Dehiowita,Deraniyagala,4.Type3,provincial
24150,DABAR TAMIL V.,MALIBODA,Sabaragamuwa,92.Kegalle,Dehiowita,Deraniyagala,4.Type3,provincial
24151,MALIBODA TAMIL VIDYALAYA,MALIBODA,Sabaragamuwa,92.Kegalle,Dehiowita,Deraniyagala,3.Type2,provincial
24152,GETIYAMULLA GAMINI ABAYA M.V.,ALAWATHURA,Sabaragamuwa,92.Kegalle,Kegalle,Galigamuwa,2.1C,provincial
24153,MALAWANA JAYANTHI VIDYALAYA,POTHUKOLADENIYA.,Sabaragamuwa,92.Kegalle,Kegalle,Galigamuwa,3.Type2,provincial
24154,MALWANA GOVERNMENT P.V.,POTHUKOLADENIYA,Sabaragamuwa,92.Kegalle,Kegalle,Galigamuwa,3.Type2,provincial
24156,AMBUWAKKA P.V.,AMBUWAKKA ALAWATHURA,Sabaragamuwa,92.Kegalle,Kegalle,Galigamuwa,4.Type3,provincial
24157,BULATHKOHUPITIYA P.V.,BULATHKOHUPITIYA,Sabaragamuwa,92.Kegalle,Kegalle,Galigamuwa,4.Type3,provincial
24159,IDDAMALPANA M.V.,ATALA,Sabaragamuwa,92.Kegalle,Kegalle,Galigamuwa,2.1C,provincial
24160,ARUGGAMMANA M.V.,GAN-IMA ARUGGAMMANA,Sabaragamuwa,92.Kegalle,Kegalle,Galigamuwa,3.Type2,provincial
24161,ARANDARA NEW MODEL P.V.,ARANDARA ATALA,Sabaragamuwa,92.Kegalle,Kegalle,Galigamuwa,3.Type2,provincial
24162,YATAPANA K.V.,"YATAPANA, KEGALLE",Sabaragamuwa,92.Kegalle,Kegalle,Galigamuwa,3.Type2,provincial
24163,AMPE MODEL K.V.,KOTIYAKUBURA,Sabaragamuwa,92.Kegalle,Kegalle,Galigamuwa,3.Type2,provincial
24164,HEENWELLA K.V.,HEENWELLA ATALA,Sabaragamuwa,92.Kegalle,Kegalle,Galigamuwa,3.Type2,provincial
24165,RUGGAHATHENNA P.V.,"RUGGAHATHENNA, KOTIYAKUMBURA",Sabaragamuwa,92.Kegalle,Kegalle,Galigamuwa,4.Type3,provincial
24166,BOYAGODA K.V.,"BOYAGODA, ATALA",Sabaragamuwa,92.Kegalle,Kegalle,Galigamuwa,4.Type3,provincial
24169,ARUGGAMMANA P.V.,"UDAGAMA, ARUGGAMMANA",Sabaragamuwa,92.Kegalle,Kegalle,Galigamuwa,4.Type3,provincial
24171,DEWAPPRIYA WALISINGHA P.V.,PINDENIYA ATALE,Sabaragamuwa,92.Kegalle,Kegalle,Galigamuwa,4.Type3,provincial
24172,PINDENIYA TAMIL V.,ATALA.,Sabaragamuwa,92.Kegalle,Kegalle,Galigamuwa,4.Type3,provincial
24173,KURUNEGODA MUSLIM P.V.,ATTALA,Sabaragamuwa,92.Kegalle,Kegalle,Galigamuwa,4.Type3,provincial
24174,SENANAYAKA MAHA VIDYALAYA,MAHAPALLEGAMA,Sabaragamuwa,92.Kegalle,Kegalle,Dedigama,2.1C,provincial
24175,LENAGALA M.V.,LENAGALA WERAGALA WARAKAPOLA (VIA),Sabaragamuwa,92.Kegalle,Kegalle,Dedigama,2.1C,provincial
24177,KIVULDENIYA MAHANAGA M.V.,"KIVULDENIYA, GALAPITAMADA",Sabaragamuwa,92.Kegalle,Kegalle,Dedigama,2.1C,provincial
24178,WELHELLA K.V.,"WELHELLA, GALAPITAMADA",Sabaragamuwa,92.Kegalle,Kegalle,Dedigama,3.Type2,provincial
24179,KINIVITA K.V.,MAHAPALLEGAMA,Sabaragamuwa,92.Kegalle,Kegalle,Dedigama,3.Type2,provincial
24180,WERAGALA K.V.,"WERAGALA, WARAKAPOLA",Sabaragamuwa,92.Kegalle,Kegalle,Dedigama,3.Type2,provincial
24181,MALMADUWA K.V.,MALMADUWA,Sabaragamuwa,92.Kegalle,Kegalle,Dedigama,3.Type2,provincial
24183,PARADENIYA P.V.,"PARADENIYA, KANNATHOTA",Sabaragamuwa,92.Kegalle,Kegalle,Dedigama,4.Type3,provincial
24185,MAKOORA P.S.,MAKOORA MALMADUWA,Sabaragamuwa,92.Kegalle,Kegalle,Dedigama,4.Type3,provincial
24187,PALLEGAMA TAMIL V.,MAHAPALLEGAMA,Sabaragamuwa,92.Kegalle,Kegalle,Dedigama,4.Type3,provincial
24188,WALAGAMBA MAHA VIDYALAYA,GALAPITAMADA,Sabaragamuwa,92.Kegalle,Dehiowita,Ruwanwella,1.1AB,provincial
24189,NIYADURUPOLA M.V.,NIYADURUPOLA,Sabaragamuwa,92.Kegalle,Kegalle,Warakapola,3.Type2,provincial
24190,KADIGAMUWA KANISHTA VIDYALAYA,GALAPITAMADA,Sabaragamuwa,92.Kegalle,Dehiowita,Ruwanwella,3.Type2,provincial
24191,K.B.RAJAPAKSHE K.V.,"DUNUMALA, WARAKAPOLA",Sabaragamuwa,92.Kegalle,Dehiowita,Ruwanwella,3.Type2,provincial
24192,LEWANGAMA SRI SUMANATISSA K.V.,LEWANGAMA-RUWANWELLA,Sabaragamuwa,92.Kegalle,Dehiowita,Ruwanwella,3.Type2,provincial
24193,PALAMURE SRI MAHINDA P.V.,PALAMURE,Sabaragamuwa,92.Kegalle,Kegalle,Warakapola,4.Type3,provincial
24196,KITHALANGAMUWA K.V.,"KITHALANGAMUWA, DUNUMALA",Sabaragamuwa,92.Kegalle,Dehiowita,Ruwanwella,3.Type2,provincial
24198,EBIDIGALA P.V.,"EBIDIGALA, GALAPITAMADA",Sabaragamuwa,92.Kegalle,Kegalle,Dedigama,4.Type3,provincial
24199,BATUWANA K.V.,"BATUWANA, NIYADURUPOLA",Sabaragamuwa,92.Kegalle,Kegalle,Warakapola,4.Type3,provincial
24200,PANANA TAMIL V.,THOLANGAMUWA,Sabaragamuwa,92.Kegalle,Kegalle,Warakapola,4.Type3,provincial
24201,GALAPITAMADA TAMIL V.,GALAPITAMADA,Sabaragamuwa,92.Kegalle,Dehiowita,Ruwanwella,4.Type3,provincial
24202,DUNUMALA TAMIL V.,DUNUMALA,Sabaragamuwa,92.Kegalle,Dehiowita,Ruwanwella,4.Type3,provincial
24203,NIYADURUPOLA TAMIL M.V.,NIYADURUPOLA,Sabaragamuwa,92.Kegalle,Kegalle,Warakapola,4.Type3,provincial
24204,WAHARAKA M.V.,WAHARAKA,Sabaragamuwa,92.Kegalle,Dehiowita,Ruwanwella,1.1AB,provincial
24206,BASNAGODA K.V.,WAHARAKA,Sabaragamuwa,92.Kegalle,Dehiowita,Ruwanwella,3.Type2,provincial
24207,WAHAKULA KANISTA VIDYALAYA,WAHAKULA RUWANWELLA,Sabaragamuwa,92.Kegalle,Dehiowita,Ruwanwella,3.Type2,provincial
24208,MAHAKANDA K.V.,MAHAKANDA WAHARAKA,Sabaragamuwa,92.Kegalle,Dehiowita,Ruwanwella,3.Type2,provincial
24209,INDURANA P.V.,"INDURANA, WAHARAKA",Sabaragamuwa,92.Kegalle,Dehiowita,Ruwanwella,4.Type3,provincial
24210,MORATOTA PRIMARY SCHOOL,MORATOTA,Sabaragamuwa,92.Kegalle,Dehiowita,Ruwanwella,4.Type3,provincial
24211,WALAGAMPOTHA P.V.,WALGAMPOTHA GALAPITAMADA,Sabaragamuwa,92.Kegalle,Dehiowita,Ruwanwella,4.Type3,provincial
24212,PURANPOTHTHA P.V.,PURANPOTHTHA BATUWITA,Sabaragamuwa,92.Kegalle,Dehiowita,Ruwanwella,4.Type3,provincial
24213,MAWARELLA P.S.,"MAWARELLA, WAHAKULA",Sabaragamuwa,92.Kegalle,Dehiowita,Ruwanwella,4.Type3,provincial
24214,SUNNY CROFT TAMIL V.,WAHARAKA,Sabaragamuwa,92.Kegalle,Dehiowita,Ruwanwella,4.Type3,provincial
24215,CHESTER FORD TAMIL V.,CHESTERFORD ESTATE WAHARAKA,Sabaragamuwa,92.Kegalle,Dehiowita,Ruwanwella,4.Type3,provincial
24216,VINCIT TAMIL VIDYALAYA,WAHARAKA,Sabaragamuwa,92.Kegalle,Dehiowita,Ruwanwella,4.Type3,provincial
24217,TROY TAMIL V.,RUWANWELLA,Sabaragamuwa,92.Kegalle,Dehiowita,Ruwanwella,4.Type3,provincial
24218,BATUWITA M.V.,BATUWITA RUWANWELLA,Sabaragamuwa,92.Kegalle,Dehiowita,Ruwanwella,2.1C,provincial
24219,GONAGALA M.V.,GONAGALA RUWANWELLA,Sabaragamuwa,92.Kegalle,Dehiowita,Ruwanwella,2.1C,provincial
24220,AMITHIRIGALA M.V.,AMITHIRIGALA,Sabaragamuwa,92.Kegalle,Dehiowita,Ruwanwella,2.1C,provincial
24221,PALLEKANUGALA JUNIOR SECONDARY SCHOOL,"PALLEKANUGAOLA, AMITHIRIGALA",Sabaragamuwa,92.Kegalle,Dehiowita,Ruwanwella,3.Type2,provincial
24222,MORALIYA KANISHTA VIDYALAYA,WAHAKULA RUWANWELLA,Sabaragamuwa,92.Kegalle,Dehiowita,Ruwanwella,3.Type2,provincial
24223,MAHEEPALA HERATH MODEL P.S.,"UTHURU AMITHIRIGALA, AMITHIRIGALA",Sabaragamuwa,92.Kegalle,Dehiowita,Ruwanwella,4.Type3,provincial
24224,KUDAGAMA P.V.,KUDAGAMA AMITHIRIGALA,Sabaragamuwa,92.Kegalle,Dehiowita,Ruwanwella,4.Type3,provincial
24226,GONAGALA NORTH JUNIOR SCHOOL,GONAGALA NORTH GONAGALA RUWANWELLA,Sabaragamuwa,92.Kegalle,Dehiowita,Ruwanwella,3.Type2,provincial
24229,RUWANWELLA ROYAL COLLEGE,RUWANWELLA,Sabaragamuwa,92.Kegalle,Dehiowita,Ruwanwella,1.1AB,provincial
24230,SRI WICKRAMA K.V.,RUWANWELLA,Sabaragamuwa,92.Kegalle,Dehiowita,Ruwanwella,3.Type2,provincial
24231,MORAWATHTHA K.V.,"MORAWATHTHA, RUWANWELLA",Sabaragamuwa,92.Kegalle,Dehiowita,Ruwanwella,3.Type2,provincial
24232,MAHALLA K.V.,MAHALLA WAHAKULA RUWANWELLA,Sabaragamuwa,92.Kegalle,Dehiowita,Ruwanwella,4.Type3,provincial
24233,MUDUGAMUWA K.V.,"MUDUGAMUWA, RUWANWELLA",Sabaragamuwa,92.Kegalle,Dehiowita,Ruwanwella,3.Type2,provincial
24234,HUBASWALANA K.V.,HUBASWALANA RUWANWELLA,Sabaragamuwa,92.Kegalle,Dehiowita,Ruwanwella,3.Type2,provincial
24235,RAJASINGHA P.V.,"WENDALA, RUWANWELLA",Sabaragamuwa,92.Kegalle,Dehiowita,Ruwanwella,4.Type3,provincial
24236,EREPOLAMULLA PRIMARY SCHOOL,IMBULANA,Sabaragamuwa,92.Kegalle,Dehiowita,Ruwanwella,4.Type3,provincial
24237,SRI KALAIVANI TAMIL V.,RUWANWELLA,Sabaragamuwa,92.Kegalle,Dehiowita,Ruwanwella,2.1C,provincial
24238,RUWANWELLA ZAHIRA MUSLIM M.V.,RUWANWELLA,Sabaragamuwa,92.Kegalle,Dehiowita,Ruwanwella,3.Type2,provincial
24239,IMBULANA SRI SENA M.V.,IMBULANA RUWANWELLA,Sabaragamuwa,92.Kegalle,Dehiowita,Ruwanwella,1.1AB,provincial
24240,NIWUNHELLA KANISHTA VIDYALAYA,NIVNHELLA IBULANA,Sabaragamuwa,92.Kegalle,Dehiowita,Ruwanwella,3.Type2,provincial
24241,PETHANGODA K.V.,PETHANGODA KANNATHTHOTA,Sabaragamuwa,92.Kegalle,Dehiowita,Ruwanwella,3.Type2,provincial
24242,RATHTHAGALA P.V.,IMBULANA RUWANWELLA,Sabaragamuwa,92.Kegalle,Dehiowita,Ruwanwella,4.Type3,provincial
24243,KOTALUGODAKANDA K.V.,LEWANGAMA,Sabaragamuwa,92.Kegalle,Dehiowita,Ruwanwella,3.Type2,provincial
24244,PANNALA M.V.,AMPAGALA,Sabaragamuwa,92.Kegalle,Dehiowita,Yatiyantota,2.1C,provincial
24245,MATTAMAGODA RATHNAWALI M.V.,MATHTHAMAGODA KANNATTHOTA,Sabaragamuwa,92.Kegalle,Dehiowita,Yatiyantota,1.1AB,provincial
24246,SULAIMANIYA MUSLIM COLLEGE,KANNATTHOTA,Sabaragamuwa,92.Kegalle,Dehiowita,Ruwanwella,1.1AB,provincial
24247,SRI INDARATANA K.V.,"GALPATHA, RUWANWELLA.",Sabaragamuwa,92.Kegalle,Dehiowita,Yatiyantota,3.Type2,provincial
24248,HATHAGODA SIRIWARDANA P.V.,AMPAGALA,Sabaragamuwa,92.Kegalle,Dehiowita,Yatiyantota,4.Type3,provincial
24249,IHALA GAMMADDA K.V.,KOTIYAKUMBURA,Sabaragamuwa,92.Kegalle,Dehiowita,Yatiyantota,4.Type3,provincial
24250,HALOLUWA K.V.,HALOLUWA KANNATHTHOTA,Sabaragamuwa,92.Kegalle,Dehiowita,Yatiyantota,3.Type2,provincial
24251,KANNATTHOTA P.V.,KANNATTOTA,Sabaragamuwa,92.Kegalle,Dehiowita,Ruwanwella,4.Type3,provincial
24252,AL-AKEELA MUSLIM M.V.,MATTHAMAGODA KOTIYAKUMBURA,Sabaragamuwa,92.Kegalle,Dehiowita,Yatiyantota,2.1C,provincial
24253,BULATHKOHUPITIYA SRI SEELANANDA M.V.,BULATHKOHUPITIYA,Sabaragamuwa,92.Kegalle,Dehiowita,Yatiyantota,2.1C,provincial
24254,RANGALLA MAHA VIDYALAYA,MAHA RANGALLA UNDUGODA,Sabaragamuwa,92.Kegalle,Dehiowita,Yatiyantota,2.1C,provincial
24255,URUMEEWALA K.V.,"URUMEEWALA, BULATHKOHUPITIYA.",Sabaragamuwa,92.Kegalle,Dehiowita,Yatiyantota,3.Type2,provincial
24256,AMBAMALLA K.V.,AMBAMALLA BULATHKOHUPITIYA,Sabaragamuwa,92.Kegalle,Dehiowita,Yatiyantota,3.Type2,provincial
24257,WEGALLA K.V.,WEGALLA BULATHKOHUPITIYA,Sabaragamuwa,92.Kegalle,Dehiowita,Yatiyantota,3.Type2,provincial
24258,KNEWSMIOR LOWER K.V.,BULATHKOHUPITIYA,Sabaragamuwa,92.Kegalle,Dehiowita,Yatiyantota,3.Type2,provincial
24259,SRI GANESHA TAMIL V.,BULATHKOHUPITIYA,Sabaragamuwa,92.Kegalle,Dehiowita,Yatiyantota,2.1C,provincial
24260,NEVESMIAR IHALA MAHA VIDYALAYA,"NEVESMIAR IHALA, UNDUGODA",Sabaragamuwa,92.Kegalle,Dehiowita,Yatiyantota,2.1C,provincial
24262,YATADEDERIYA TAMIL M.V.,UNDUGODA,Sabaragamuwa,92.Kegalle,Dehiowita,Yatiyantota,2.1C,provincial
24263,EDURAPOLA TAMIL V.,BULATHKOHUPITIYA,Sabaragamuwa,92.Kegalle,Dehiowita,Yatiyantota,3.Type2,provincial
24264,LEWELLA TAMIL V.,BULATHKOHUPITIYA,Sabaragamuwa,92.Kegalle,Dehiowita,Yatiyantota,4.Type3,provincial
24265,ANANDA KEERTHI M.V.,"THUNBAGE, UDAPOTHA, BULATHKOHUPITIYA",Sabaragamuwa,92.Kegalle,Dehiowita,Yatiyantota,2.1C,provincial
24266,UDUWA SRI SADDHANANDA MAHA VIDYALAYA,"UDUWA, DEDUGALA",Sabaragamuwa,92.Kegalle,Dehiowita,Yatiyantota,2.1C,provincial
24267,DEDUGALA M.V.,DEDUGALA,Sabaragamuwa,92.Kegalle,Dehiowita,Yatiyantota,3.Type2,provincial
24268,KEKALAPANA K.V.,"IHALA UDUWA, KEKALAPANA, DEDUGALA",Sabaragamuwa,92.Kegalle,Dehiowita,Yatiyantota,3.Type2,provincial
24271,NARANGALA K.V.,BULATHKOHUPITIYA,Sabaragamuwa,92.Kegalle,Dehiowita,Yatiyantota,3.Type2,provincial
24272,UDAPOTHA THISSA P.V.,"UDAPOTHA, KEGALLE VIA",Sabaragamuwa,92.Kegalle,Dehiowita,Yatiyantota,4.Type3,provincial
24275,VIGNESHWARA TAMIL V.,KALUPAHANA ESTATE BULATHKOUPITIYA,Sabaragamuwa,92.Kegalle,Dehiowita,Yatiyantota,4.Type3,provincial
24276,ATULUGAMA MAYADUNNA M.V.,"ATULUGAMA, DEHIOWITA",Sabaragamuwa,92.Kegalle,Dehiowita,Dehiowita,2.1C,provincial
24277,MAGAMMANA K.V.,"MAGAMMANA, DEHIOWITA",Sabaragamuwa,92.Kegalle,Dehiowita,Dehiowita,3.Type2,provincial
24279,ATULUGAMWELA P.V.,ATULUGAMA SOUTH DEHIOWITA,Sabaragamuwa,92.Kegalle,Dehiowita,Dehiowita,4.Type3,provincial
24280,ATULUGAMA P.V.,ATULUGAMA DEHIOWITA,Sabaragamuwa,92.Kegalle,Dehiowita,Dehiowita,4.Type3,provincial
24281,NIKAWALAMULLA P.V.,NIKAWALAMULLA RUWANWELLA,Sabaragamuwa,92.Kegalle,Dehiowita,Dehiowita,4.Type3,provincial
24282,GAYATHRI TAMIL V.,"MAGAMMANA, DEHIOWITA",Sabaragamuwa,92.Kegalle,Dehiowita,Dehiowita,4.Type3,provincial
24283,UDANVITA M.V.,"HEWADIWELA, RAMBUKKANA",Sabaragamuwa,92.Kegalle,Mawanella,Rambukkana,2.1C,provincial
24284,DOMBEMADA K.V.,"DOMBEMADA, RAMBUKKANA",Sabaragamuwa,92.Kegalle,Mawanella,Rambukkana,3.Type2,provincial
24286,DELIWALA M.V.,RAMBUKKANA,Sabaragamuwa,92.Kegalle,Mawanella,Rambukkana,2.1C,provincial
24288,DELIWALA TISSA P.V.,DELIWALA RABUKKANA,Sabaragamuwa,92.Kegalle,Mawanella,Rambukkana,4.Type3,provincial
24290,PUWAKMOTE DHARMAPALA M.V.,YATAGAMA RAMBUKKANA,Sabaragamuwa,92.Kegalle,Mawanella,Rambukkana,3.Type2,provincial
24291,MEEDUMA SRI SUMANGALA K.V.,YATAGAMA RAMBUKKANA,Sabaragamuwa,92.Kegalle,Mawanella,Rambukkana,3.Type2,provincial
24292,UDAGALADENIYA WALAGAMBA M.V.,UDAGALADENIYA RAMBUKKANA,Sabaragamuwa,92.Kegalle,Mawanella,Rambukkana,3.Type2,provincial
24294,UDUGAMA BUDDHIST P.V.,"YATAGAMA, RAMBUKKANA",Sabaragamuwa,92.Kegalle,Mawanella,Rambukkana,4.Type3,provincial
24295,THISMALPOLA K.V.,THISMALPOLA YATAGAMA RAMBUKKANA,Sabaragamuwa,92.Kegalle,Mawanella,Rambukkana,3.Type2,provincial
24297,ASHOKA M.V.,"KIRIWALLAPITIYA, RAMBUKKANA",Sabaragamuwa,92.Kegalle,Mawanella,Rambukkana,1.1AB,provincial
24298,RAMBUKKANA PARAKRAMA M.V.,RAMBUKKANA,Sabaragamuwa,92.Kegalle,Mawanella,Rambukkana,1.1AB,provincial
24299,GABBALA SIRISANGABO M.V.,GABBALA KOTAWELLA RAMBUKKANA,Sabaragamuwa,92.Kegalle,Mawanella,Rambukkana,3.Type2,provincial
24300,WALALGODA M.V.,"WALALGODA, RAMBUKKANA",Sabaragamuwa,92.Kegalle,Mawanella,Rambukkana,2.1C,provincial
24301,HEWADIWELA M.V.,HEWADIWELA RAMBUKKANA,Sabaragamuwa,92.Kegalle,Mawanella,Rambukkana,2.1C,provincial
24302,PITAWELA R.C.V.,PITAWELA HEWADIVELA,Sabaragamuwa,92.Kegalle,Mawanella,Rambukkana,4.Type3,provincial
24305,KOTAWELLA K.V.,KOTAWELLA RAMBUKKANA,Sabaragamuwa,92.Kegalle,Mawanella,Rambukkana,3.Type2,provincial
24307,PARAPE M.V.,PARAPE RAMBUKKANA,Sabaragamuwa,92.Kegalle,Mawanella,Rambukkana,3.Type2,provincial
24309,WALPOLA P.V.,KOTAWELLLA RAMBUKKANA,Sabaragamuwa,92.Kegalle,Mawanella,Rambukkana,4.Type3,provincial
24310,WELIGAMUWA K.V.,"WELIGAMUWA, KOTAWELLA, RAMBUKKANA",Sabaragamuwa,92.Kegalle,Mawanella,Rambukkana,3.Type2,provincial
24311,KIVULPANA M.V.,KIVULPANA MOLAGODA,Sabaragamuwa,92.Kegalle,Mawanella,Rambukkana,3.Type2,provincial
24313,MANGALAGAMA P.V.,"MANGALAGAMA, MOLAGODA, KEGALLE",Sabaragamuwa,92.Kegalle,Mawanella,Rambukkana,4.Type3,provincial
24314,DUNUKEWALE M.V.,HIRIWADUNNA,Sabaragamuwa,92.Kegalle,Mawanella,Rambukkana,2.1C,provincial
24315,PITIYEGAMA M.V.,ARAMBEGAMA DELDENIYA KEGALLE,Sabaragamuwa,92.Kegalle,Mawanella,Rambukkana,3.Type2,provincial
24316,MOLAGODA JAYAPALA M.V.,MOLAGODA KEGALLE,Sabaragamuwa,92.Kegalle,Mawanella,Rambukkana,1.1AB,provincial
24318,MOLAGODA P.V.,MOLAGODA KEGALLE,Sabaragamuwa,92.Kegalle,Mawanella,Rambukkana,4.Type3,provincial
24320,HALPITIYA K.V.,"HALPITIYA, HIRIWADUNNA",Sabaragamuwa,92.Kegalle,Mawanella,Rambukkana,3.Type2,provincial
24322,RAMBUKKANA SUJATHA K.V.,RAMBUKKANA,Sabaragamuwa,92.Kegalle,Mawanella,Rambukkana,3.Type2,provincial
24323,UDUGAMA P.V.,"PATHTHAMPITAYA, RAMBUKKANA",Sabaragamuwa,92.Kegalle,Mawanella,Rambukkana,4.Type3,provincial
24324,KADIGAMUWA VIDYTHILAKA K.V.,KADIGAMUWA. PATTAMPITIYA,Sabaragamuwa,92.Kegalle,Mawanella,Rambukkana,3.Type2,provincial
24325,MUWAPITIYA M.V.,MUWAPITIYA RAMBUKKANA,Sabaragamuwa,92.Kegalle,Mawanella,Rambukkana,3.Type2,provincial
24326,HIRIWADUNNA M.V.,HIRIWADUNNA,Sabaragamuwa,92.Kegalle,Mawanella,Rambukkana,2.1C,provincial
24327,WELIKANDA P.S.,"WELIKANDA, KIRIWANDENIYA, RAMBUKKANA",Sabaragamuwa,92.Kegalle,Mawanella,Rambukkana,4.Type3,provincial
24328,DHAROL ULOOM MUSLIM M.V.,HUREEMALUWA RAMBUKKANA,Sabaragamuwa,92.Kegalle,Mawanella,Rambukkana,2.1C,provincial
24330,HALAGIRIYA K.V.,"HALAGIRIYA, PATHTHAMPITIYA",Sabaragamuwa,92.Kegalle,Mawanella,Rambukkana,3.Type2,provincial
24331,KEMPITIKANDA K.V.,KEMPITIKANDA PATHTHAMPITIYA,Sabaragamuwa,92.Kegalle,Mawanella,Rambukkana,3.Type2,provincial
24332,BADDEWELA P.V.,BADDEWELA MAKEHELWALA,Sabaragamuwa,92.Kegalle,Mawanella,Rambukkana,4.Type3,provincial
24333,HENEPOLA OLCOTTE BUDDHIST K.V.,HENEPOLA PATHTHAMPITIYA,Sabaragamuwa,92.Kegalle,Mawanella,Rambukkana,3.Type2,provincial
24334,HENEPOLA R.C.P.V.,"HENEPOLA, PATHTHAMPITIYA",Sabaragamuwa,92.Kegalle,Mawanella,Rambukkana,4.Type3,provincial
24335,BEDDAWELA M.V.,"BEDDAWELA, MAKEHELAWALA",Sabaragamuwa,92.Kegalle,Mawanella,Rambukkana,2.1C,provincial
24336,UDUHURUWA M.V.,PATHAMPITIYA,Sabaragamuwa,92.Kegalle,Mawanella,Rambukkana,2.1C,provincial
24337,MAKEHELWALA K.V.,"MAKEHELWALA, MAKEHELWALA",Sabaragamuwa,92.Kegalle,Mawanella,Mawanella,3.Type2,provincial
24340,RANDIWALA M.V.,RANDIWALA MAWANELLA,Sabaragamuwa,92.Kegalle,Mawanella,Mawanella,2.1C,provincial
24342,DELGAHAGODA MUSLIM K.V.,DELGAHAGODA HINGULA,Sabaragamuwa,92.Kegalle,Mawanella,Mawanella,3.Type2,provincial
24344,BADURIYA CENTRAL COLLEGE,MAWANELLA,Sabaragamuwa,92.Kegalle,Mawanella,Mawanella,1.1AB,provincial
24345,BEMINIWATHTHA M.V.,"BEMINIWATHTHA, MAWANELLA",Sabaragamuwa,92.Kegalle,Mawanella,Mawanella,2.1C,provincial
24346,MEDERIGAMA M.V.,HINGULA,Sabaragamuwa,92.Kegalle,Mawanella,Mawanella,2.1C,provincial
24347,NANKURUGAMA MUSLIM P.V.,NANKURUGAMA MAWANELLA,Sabaragamuwa,92.Kegalle,Mawanella,Mawanella,4.Type3,provincial
24348,WEGANTHALE M.V.,KOONDENIYA MAWANELLA,Sabaragamuwa,92.Kegalle,Mawanella,Mawanella,2.1C,provincial
24349,ILUKGODA P.V.,KOONDENIYA MAWANELLE,Sabaragamuwa,92.Kegalle,Mawanella,Mawanella,4.Type3,provincial
24351,VIDYADEEPA.M.V.,"UDATHTHAWA, MAWANELLA",Sabaragamuwa,92.Kegalle,Mawanella,Mawanella,2.1C,provincial
24352,UTHUWANKANDA K.V.,"UTHUWANKANDA, MAWANELLE",Sabaragamuwa,92.Kegalle,Mawanella,Mawanella,3.Type2,provincial
24353,KOONGAMUWA P.V.,KOTTAWATHTHA MAWANELLA,Sabaragamuwa,92.Kegalle,Mawanella,Mawanella,4.Type3,provincial
24354,HABBUNKADUWA K.V.,"HABBUNKADUWA, MAWANELLA",Sabaragamuwa,92.Kegalle,Mawanella,Mawanella,3.Type2,provincial
24356,DANAGAMA MUSLIM V.,DANAGAMA MAWANELLA,Sabaragamuwa,92.Kegalle,Mawanella,Mawanella,3.Type2,provincial
24357,GANETHENNA M.V.,HINGULA,Sabaragamuwa,92.Kegalle,Mawanella,Mawanella,2.1C,provincial
24358,HEENATIPANA K.V.,HEENATIPANA UDUMULLA,Sabaragamuwa,92.Kegalle,Mawanella,Mawanella,3.Type2,provincial
24359,UDAMAKADAWARA K.V.,HINGULA,Sabaragamuwa,92.Kegalle,Mawanella,Mawanella,3.Type2,provincial
24360,KAHAWANDALA K.V.,UDAMULLA MAWANELLA,Sabaragamuwa,92.Kegalle,Mawanella,Mawanella,3.Type2,provincial
24363,MALIYADDA K.V.,MAKEHELWALA,Sabaragamuwa,92.Kegalle,Mawanella,Mawanella,3.Type2,provincial
24364,BATAWALA P.V.,BATAWALA HINGULA,Sabaragamuwa,92.Kegalle,Mawanella,Mawanella,4.Type3,provincial
24365,MANIKAWA K.V.,MANIKAWA.HIGULA,Sabaragamuwa,92.Kegalle,Mawanella,Mawanella,3.Type2,provincial
24366,MADEENA MAHA VIDYALAYA,GANETHANNA HINGULA MAWANELLA,Sabaragamuwa,92.Kegalle,Mawanella,Mawanella,2.1C,provincial
24367,DASWATHTHA M.V.,"DASWATHTHA, MAWANELLA",Sabaragamuwa,92.Kegalle,Mawanella,Mawanella,2.1C,provincial
24368,ATHTHANAGODA PANAGAMUWA K.V.,AMBULUGALA MAWANELLA,Sabaragamuwa,92.Kegalle,Mawanella,Mawanella,3.Type2,provincial
24369,PATTAGAMA K.V.,"PATTAGAMA, GALATHARA",Sabaragamuwa,92.Kegalle,Mawanella,Mawanella,3.Type2,provincial
24370,DONATHALE SRIPARAKUM P.V.,DONATHALE MAWANELLE,Sabaragamuwa,92.Kegalle,Mawanella,Mawanella,4.Type3,provincial
24371,PADEEDORA P.S.,MAWANELLA,Sabaragamuwa,92.Kegalle,Mawanella,Mawanella,4.Type3,provincial
24372,AMBULUGALA MAHA VIDYALAYA,AMBULUGALA MAWANELLA,Sabaragamuwa,92.Kegalle,Mawanella,Mawanella,2.1C,provincial
24373,GALATHARA UDUWEWALA M.V.,GALATHARA,Sabaragamuwa,92.Kegalle,Mawanella,Aranayaka,2.1C,provincial
24374,GALATHARA UDUWEWALA P.V.,GALATHARA,Sabaragamuwa,92.Kegalle,Mawanella,Aranayaka,4.Type3,provincial
24375,GURUBEVILA K.V.,ASMADALA GALATHRA,Sabaragamuwa,92.Kegalle,Mawanella,Aranayaka,3.Type2,provincial
24376,LAMBUTUWA P.V.,LAMBUTUWA,Sabaragamuwa,92.Kegalle,Mawanella,Aranayaka,4.Type3,provincial
24377,THAMMITA K.V.,"THAMMITA, USSAPITIYA",Sabaragamuwa,92.Kegalle,Mawanella,Aranayaka,3.Type2,provincial
24379,ASMADALA P.V.,GALATHARA,Sabaragamuwa,92.Kegalle,Mawanella,Aranayaka,4.Type3,provincial
24380,WAKIRIGALA MAYURAPADA P.V.,"WAKIRIGALA, GALATHARA",Sabaragamuwa,92.Kegalle,Mawanella,Aranayaka,4.Type3,provincial
24382,USSAPITIYA SRI SUMANGALA K.V.,USSAPITIYA,Sabaragamuwa,92.Kegalle,Mawanella,Aranayaka,2.1C,provincial
24383,USSAPITIYA BODIRAJA K.V.,USSAPITIYA,Sabaragamuwa,92.Kegalle,Mawanella,Aranayaka,3.Type2,provincial
24386,POLAMBEGODA K.V.,USSAPITIYA,Sabaragamuwa,92.Kegalle,Mawanella,Aranayaka,3.Type2,provincial
24388,ALUTHNUWARA K.V.,ALUTHNUWARA MAWANELLE,Sabaragamuwa,92.Kegalle,Mawanella,Mawanella,3.Type2,provincial
24391,MALIGATHENNA P.V.,USSAPITIYA,Sabaragamuwa,92.Kegalle,Mawanella,Aranayaka,4.Type3,provincial
24392,THALGAMUWA ILANGASOORIYA M.V.,DEWANAGALA,Sabaragamuwa,92.Kegalle,Mawanella,Aranayaka,2.1C,provincial
24395,NOORANIYA M.M.V.,UYANWATTA DEWANAGALA,Sabaragamuwa,92.Kegalle,Mawanella,Mawanella,2.1C,provincial
24396,ALPITIYA K.V.,ALPITIYA DEWANAGALA,Sabaragamuwa,92.Kegalle,Mawanella,Mawanella,3.Type2,provincial
24398,BALAWATHGAMA M.V.,DEWANAGALA,Sabaragamuwa,92.Kegalle,Mawanella,Mawanella,2.1C,provincial
24400,DEWI BALIKA M.V.,HEMMATHAGAMA,Sabaragamuwa,92.Kegalle,Mawanella,Mawanella,4.Type3,provincial
24401,NAGARAGIRI M.V.,HEMMATHAGAMA,Sabaragamuwa,92.Kegalle,Mawanella,Mawanella,1.1AB,provincial
24404,WADUWAWALA K.V.,HEMMATHAGAMA,Sabaragamuwa,92.Kegalle,Mawanella,Mawanella,3.Type2,provincial
24405,WERAGODA SRI SIDDARTHA P.V.,HEMMATHAGAMA,Sabaragamuwa,92.Kegalle,Mawanella,Mawanella,4.Type3,provincial
24406,DUMBULUWAWA MUSLIM M.V.,DUMBULUWAWA HEMMATHAGAMA,Sabaragamuwa,92.Kegalle,Mawanella,Mawanella,3.Type2,provincial
24407,PALLIPORUWA MUSLIM V.,PALLIPORUWA HEMMATHAGAMA,Sabaragamuwa,92.Kegalle,Mawanella,Mawanella,3.Type2,provincial
24408,MADULBOWA BADHIBIYAM.M.V.,MADULBOWA HEMMATHAGAMA,Sabaragamuwa,92.Kegalle,Mawanella,Mawanella,2.1C,provincial
24409,HEMMATHAGAMA AL-AZHAR MUSLIM M.V.,HEMMATHAGAMA,Sabaragamuwa,92.Kegalle,Mawanella,Mawanella,1.1AB,provincial
24411,WADIYATHENNA MUSLIM PRIMARY SCHOOL,WADIYATHENNA HEMMATHAGAMA,Sabaragamuwa,92.Kegalle,Mawanella,Mawanella,4.Type3,provincial
24412,KOTEGODA MUSLIM V.,KOTEGODA HEMMATHAGAMA,Sabaragamuwa,92.Kegalle,Mawanella,Mawanella,3.Type2,provincial
24413,PUHULHENA P.V.,KEHELPANNALA,Sabaragamuwa,92.Kegalle,Mawanella,Mawanella,4.Type3,provincial
24414,KEHELPANNALA K.V.,KEHELPANNALA,Sabaragamuwa,92.Kegalle,Mawanella,Mawanella,3.Type2,provincial
24416,DIPPITIYA RAJAGIRI M.V.,ARANAYAKA,Sabaragamuwa,92.Kegalle,Mawanella,Aranayaka,1.1AB,provincial
24417,DIPPITIYA MUSLIM M.V.,"DIPPITIYA, ARANAYAKA",Sabaragamuwa,92.Kegalle,Mawanella,Aranayaka,2.1C,provincial
24421,HATHGAMPALA M.V.,"HATHGAMPOLA, ARANAYAKE",Sabaragamuwa,92.Kegalle,Mawanella,Aranayaka,2.1C,provincial
24422,AL-JALAL MUSLIM M.V.,"GETABERIYA, ARANAYAKA",Sabaragamuwa,92.Kegalle,Mawanella,Aranayaka,3.Type2,provincial
24423,DEBATHGAMA K.V.,"DEBATHGAMA, KEGALLE",Sabaragamuwa,92.Kegalle,Mawanella,Aranayaka,3.Type2,provincial
24425,THALGASPITIYA MUSLIM M.V.,THALGASPITIYA ARANAYAKA,Sabaragamuwa,92.Kegalle,Mawanella,Aranayaka,2.1C,provincial
24426,BAKULWALA K.V.,"BAKULWALA, THALGASPITIYA, ARANAYAKA",Sabaragamuwa,92.Kegalle,Mawanella,Aranayaka,3.Type2,provincial
24430,MANADEE M.V.,ARANAYAKA,Sabaragamuwa,92.Kegalle,Mawanella,Aranayaka,2.1C,provincial
24431,MANADI P.V.,ARANAY6AKA,Sabaragamuwa,92.Kegalle,Mawanella,Aranayaka,4.Type3,provincial
24432,D.S.SENANAYAKA K.V.,ARANAYAKA,Sabaragamuwa,92.Kegalle,Mawanella,Aranayaka,3.Type2,provincial
24433,WELIMANNA SRI SUNANDA P.V.,WELIMANNA ARNAYAKE,Sabaragamuwa,92.Kegalle,Mawanella,Aranayaka,4.Type3,provincial
24435,RAHALA WEST K.V.,ARANAYAKA,Sabaragamuwa,92.Kegalle,Mawanella,Aranayaka,3.Type2,provincial
24436,GAMUNU PRIMARY SCHOOL,BUWELIKADA HEMMATHAGAMA,Sabaragamuwa,92.Kegalle,Mawanella,Aranayaka,4.Type3,provincial
24438,RAHALA EAST K.V.,RAHALA EAST HEMMATHAGAMA,Sabaragamuwa,92.Kegalle,Mawanella,Aranayaka,3.Type2,provincial
24439,THELLEKA P.S.,"THELLEKA, ARANAYAKE",Sabaragamuwa,92.Kegalle,Mawanella,Aranayaka,4.Type3,provincial
24443,AMBALAKANDA.M.V.,"AMBALAKANDA, ARANAYAKE",Sabaragamuwa,92.Kegalle,Mawanella,Aranayaka,2.1C,provincial
24444,KANANGAMUWA RAJASINHA M.V.,UDUGODA,Sabaragamuwa,92.Kegalle,Kegalle,Galigamuwa,2.1C,provincial
24445,MABOPIYA M.V.,UNDUGODA,Sabaragamuwa,92.Kegalle,Kegalle,Kegalle,2.1C,provincial
24446,HUNGANPOLA M.V.,"HUNGANPOLA, MORONTHOTA",Sabaragamuwa,92.Kegalle,Kegalle,Kegalle,2.1C,provincial
24447,MORADANA MAHA VIDYALAYA,"MORADANA, UNDUGODA",Sabaragamuwa,92.Kegalle,Kegalle,Kegalle,2.1C,provincial
24448,GANTHUNA KANDURATA M.V.,GANTHUNA,Sabaragamuwa,92.Kegalle,Kegalle,Kegalle,2.1C,provincial
24449,UNDUGODA TAMIL M.V.,UNDUGODA,Sabaragamuwa,92.Kegalle,Kegalle,Kegalle,2.1C,provincial
24450,BELIHULWANA P.V.,UNDUGODA,Sabaragamuwa,92.Kegalle,Kegalle,Kegalle,4.Type3,provincial
24451,GANTHUNA UDAGAMA K.V.,GANTHUNA UDAGAMA KEGALLE,Sabaragamuwa,92.Kegalle,Mawanella,Aranayaka,3.Type2,provincial
24452,THUMMUDUNA K.V.,KABAGAMUWA,Sabaragamuwa,92.Kegalle,Kegalle,Galigamuwa,3.Type2,provincial
24455,UNDUGODA SIDDHARTHA K.V.,UNDUGODA,Sabaragamuwa,92.Kegalle,Kegalle,Kegalle,4.Type3,provincial
24456,NAPELLA P.V.,"10TH MILE POST, UNDUGODA",Sabaragamuwa,92.Kegalle,Kegalle,Kegalle,4.Type3,provincial
24457,UDABOGALA P.V.,UNDUGODA,Sabaragamuwa,92.Kegalle,Kegalle,Kegalle,4.Type3,provincial
24462,DOTHALUOYA P.V.,"DOTHALUOYA, DOLOSBAGE",Sabaragamuwa,92.Kegalle,Mawanella,Aranayaka,4.Type3,provincial
24464,KEHELWATHTHA M.V.,KEHELWATHTHA WATHURA KEGALLA,Sabaragamuwa,92.Kegalle,Mawanella,Aranayaka,2.1C,provincial
24465,ALAPALAWALA M.V.,ALAPALAWALA.WATHURA,Sabaragamuwa,92.Kegalle,Kegalle,Kegalle,2.1C,provincial
24466,BOSSELLA M.V.,BOSSALLA,Sabaragamuwa,92.Kegalle,Kegalle,Kegalle,2.1C,provincial
24467,DAMPELGODA K.V.,DAMPELGODA BOSSELLA,Sabaragamuwa,92.Kegalle,Mawanella,Aranayaka,4.Type3,provincial
24468,ERAGAMA K.V.,"ERAGAMA, WATHURA",Sabaragamuwa,92.Kegalle,Kegalle,Kegalle,3.Type2,provincial
24469,WATHURA SRI LANKA P.V.,"WATHURA, KEGALLE",Sabaragamuwa,92.Kegalle,Kegalle,Kegalle,4.Type3,provincial
24470,ERABADUPITIYA P.V.,ERABADUPITIYA BOSSELLA,Sabaragamuwa,92.Kegalle,Mawanella,Aranayaka,4.Type3,provincial
24471,WADUPOLA P.V.,"WADUPOLA, WATHURA, KEGALLE",Sabaragamuwa,92.Kegalle,Kegalle,Kegalle,4.Type3,provincial
24475,KEGALLE BANDARANAYAKA M.V.,"HETTIMULLA, KEGALLE",Sabaragamuwa,92.Kegalle,Kegalle,Kegalle,1.1AB,provincial
24476,MEEDENIYA M.V.,"MEEDENIYA, HETTIMULLA",Sabaragamuwa,92.Kegalle,Kegalle,Kegalle,3.Type2,provincial
24477,DEEWELA M.V.,"DEEWELA, PALLEGAMA",Sabaragamuwa,92.Kegalle,Kegalle,Kegalle,2.1C,provincial
24479,UDUMAGAMA P.V.,"UDUMAGAMA, HETTIMULLA",Sabaragamuwa,92.Kegalle,Kegalle,Kegalle,4.Type3,provincial
24480,KANDAMULLA K.V.,DEEWALA PALLEGAMA,Sabaragamuwa,92.Kegalle,Mawanella,Aranayaka,3.Type2,provincial
24482,BANDARANAYAKA K.V.,HETTIMULLA,Sabaragamuwa,92.Kegalle,Kegalle,Kegalle,4.Type3,provincial
24483,HETTIMULLA NAWA M.V.,HETTIMULLA,Sabaragamuwa,92.Kegalle,Kegalle,Kegalle,2.1C,provincial
24486,DEEWELA UDAGAMA P.V.,DEEWELA PALLEGAMA,Sabaragamuwa,92.Kegalle,Mawanella,Aranayaka,4.Type3,provincial
24487,DEEWELA AHASLIYADDA P.V.,DEEWELA PALLEGAMA,Sabaragamuwa,92.Kegalle,Mawanella,Aranayaka,4.Type3,provincial
24488,KARADUPONA TAMIL K.V.,"AMBULUGALA, MAWENELLA",Sabaragamuwa,92.Kegalle,Kegalle,Kegalle,3.Type2,provincial
24494,DIMBULGAMUWA K.V.,"DIMBULGAMUWA, KEGALLE",Sabaragamuwa,92.Kegalle,Kegalle,Kegalle,3.Type2,provincial
24495,PUWAKDENIYA K.V.,"PUWAKDENIYA, KEGALLE",Sabaragamuwa,92.Kegalle,Kegalle,Kegalle,3.Type2,provincial
24496,UDA KARADUPONA K.V.,"UDAKARADUPONA, KEGALLE",Sabaragamuwa,92.Kegalle,Kegalle,Kegalle,3.Type2,provincial
24497,EKIRIYAGALA K.V.,"EKIRIYAGALA, KEGALLE",Sabaragamuwa,92.Kegalle,Kegalle,Kegalle,3.Type2,provincial
24506,KEGALLE MUSLIM M.V.,KEGALLE,Sabaragamuwa,92.Kegalle,Kegalle,Kegalle,2.1C,provincial
24507,KEGALLE MAHANAGA M.V.,"RANWALA, KEGALLE",Sabaragamuwa,92.Kegalle,Kegalle,Kegalle,1.1AB,provincial
24508,WALAGAMBA M.V.,KEGALLE,Sabaragamuwa,92.Kegalle,Kegalle,Kegalle,2.1C,provincial
24509,KEGALLE ST. MARYS TAMIL M.V.,KEGALLE,Sabaragamuwa,92.Kegalle,Kegalle,Kegalle,2.1C,provincial
24510,"AMBANPITIYA SPECIAL SCHOOL, GALIGAMUWA",GALIGAMUWA TOWN,Sabaragamuwa,92.Kegalle,Kegalle,Kegalle,3.Type2,provincial
24511,BERAGALA K.V.,"BERAGALA, KEGALLE",Sabaragamuwa,92.Kegalle,Kegalle,Kegalle,3.Type2,provincial
24512,PARAGAMMANA DHARMAPALA K.V.,"PARAGAMMANA, KEGALLE",Sabaragamuwa,92.Kegalle,Kegalle,Kegalle,3.Type2,provincial
24513,OLAGANKANDE P.V.,"OLEGANKANDE, KEGALLE",Sabaragamuwa,92.Kegalle,Kegalle,Kegalle,4.Type3,provincial
24514,PUSSALLA GAMINI P.V.,"PUSSALLA, KEGALLE",Sabaragamuwa,92.Kegalle,Kegalle,Kegalle,4.Type3,provincial
24515,AMBANPITIYA TAMIL V.,GALIGAMUWA TOWN,Sabaragamuwa,92.Kegalle,Kegalle,Kegalle,4.Type3,provincial
24516,DIKELLA KANISHTA V.,"DIKELLA, HETTIMULLA, KEGALLE",Sabaragamuwa,92.Kegalle,Kegalle,Kegalle,4.Type3,provincial
24517,KURUDUHINNA P.V.,"KURUDUHINNA, KEGALLE",Sabaragamuwa,92.Kegalle,Kegalle,Kegalle,4.Type3,provincial
24518,UDAMBA SIYABALAPITIYA P.S.,"UDAMBASIYABALAPITIYA, KEGALLE",Sabaragamuwa,92.Kegalle,Kegalle,Kegalle,4.Type3,provincial
24519,GOLINDA TAMIL K.V.,HETTIMULLA,Sabaragamuwa,92.Kegalle,Kegalle,Kegalle,3.Type2,provincial
24520,GALIGAMUWA CENRTAL COLLEGE,GALIGAMUWA TOWN,Sabaragamuwa,92.Kegalle,Kegalle,Galigamuwa,1.1AB,provincial
24521,BOYAGAMA M.V.,GALIGAMUWA TOWN,Sabaragamuwa,92.Kegalle,Kegalle,Galigamuwa,2.1C,provincial
24522,ATUGODA SRI SUMANGALA K.V.,"ATUGODA, DAMUNUPOLA",Sabaragamuwa,92.Kegalle,Kegalle,Galigamuwa,3.Type2,provincial
24523,KOBBEWELA KEERTHIRATHNA M.V.,GALIGAMUWA TOWN,Sabaragamuwa,92.Kegalle,Kegalle,Galigamuwa,2.1C,provincial
24524,DAMUNUPOLA K.V.,DAMUNUPOLA KEGALLE,Sabaragamuwa,92.Kegalle,Kegalle,Galigamuwa,3.Type2,provincial
24525,SIYABALAPITITA YATALATHISSA K.V.,YATTOGODA,Sabaragamuwa,92.Kegalle,Kegalle,Galigamuwa,3.Type2,provincial
24526,PALAPOLUWA K.V.,"PALAPOLUWA, YATTOGODA",Sabaragamuwa,92.Kegalle,Kegalle,Galigamuwa,3.Type2,provincial
24527,KADIGAMUWA BAMBARAGAMA K.V.,PITAGALDENIYA,Sabaragamuwa,92.Kegalle,Kegalle,Galigamuwa,3.Type2,provincial
24528,IMBULGALA K.V.,HETTIMULLA,Sabaragamuwa,92.Kegalle,Kegalle,Galigamuwa,4.Type3,provincial
24529,HAKAHINNA M.V.,HAKAHINNA,Sabaragamuwa,92.Kegalle,Kegalle,Galigamuwa,2.1C,provincial
24530,HAKAHINNA P.V.,HAKAHINNA,Sabaragamuwa,92.Kegalle,Kegalle,Galigamuwa,4.Type3,provincial
24531,UDA ASIDENIYA P.V.,GALIGAMUWA TOWN,Sabaragamuwa,92.Kegalle,Kegalle,Galigamuwa,4.Type3,provincial
24533,GALIGAMUWA P.V.,GALIGAMUWA TOWN,Sabaragamuwa,92.Kegalle,Kegalle,Galigamuwa,4.Type3,provincial
24536,WADURADENIYA P.V.,"DAMUNUPOLA, KEGALLA",Sabaragamuwa,92.Kegalle,Kegalle,Galigamuwa,4.Type3,provincial
24539,WALAGAMA M.V.,DEWALEGAMA,Sabaragamuwa,92.Kegalle,Kegalle,Galigamuwa,1.1AB,provincial
24540,PANAKAWA M.V.,"EDURAPOTHA, KEGALLE.",Sabaragamuwa,92.Kegalle,Kegalle,Galigamuwa,2.1C,provincial
24541,KANDEGEDARA K.V.,DEWALEGAMA,Sabaragamuwa,92.Kegalle,Kegalle,Galigamuwa,3.Type2,provincial
24542,AMBUWANGALA K.V.,AMBUWANGALA IMBULGASDENIYA,Sabaragamuwa,92.Kegalle,Mawanella,Rambukkana,3.Type2,provincial
24544,HATHNAGODA K.V.,HATHNAGODA BELIGALA,Sabaragamuwa,92.Kegalle,Kegalle,Galigamuwa,3.Type2,provincial
24545,NAWAGAMUWA K.V.,DEWALEGAMA.,Sabaragamuwa,92.Kegalle,Kegalle,Galigamuwa,3.Type2,provincial
24546,BAMUNUGAMA MALIYADEWA K.V.,DEWALEGAMA,Sabaragamuwa,92.Kegalle,Kegalle,Galigamuwa,3.Type2,provincial
24547,BATUWATHTHA K.V.,"BATUWATHTHA, HELAMADA",Sabaragamuwa,92.Kegalle,Kegalle,Galigamuwa,3.Type2,provincial
24550,MAKUDDALA P.V.,MAKUDDALA HELAMADA,Sabaragamuwa,92.Kegalle,Kegalle,Galigamuwa,4.Type3,provincial
24551,WALAGAMA ROMAN CATHOLIC P.V.,DEWALEGAMA,Sabaragamuwa,92.Kegalle,Kegalle,Galigamuwa,4.Type3,provincial
24555,EDURAPOTHA P.V.,EDURAPOTA DEWALEGAMA,Sabaragamuwa,92.Kegalle,Kegalle,Galigamuwa,4.Type3,provincial
24557,BELIGALA BODHIRAJA M.V.,BELIGALA (S P) KEGALLE,Sabaragamuwa,92.Kegalle,Kegalle,Dedigama,2.1C,provincial
24558,KAHAMBILIYAWALA M.V.,"KAHABILIYAWALA, ALAWWA",Sabaragamuwa,92.Kegalle,Kegalle,Dedigama,2.1C,provincial
24559,KALUGALA K.V.,"KALUGALA, BELIGALA",Sabaragamuwa,92.Kegalle,Kegalle,Dedigama,3.Type2,provincial
24560,SRI DHAMMAJOTHI K.V.,HELAMADA,Sabaragamuwa,92.Kegalle,Kegalle,Dedigama,3.Type2,provincial
24561,PASPOLAKANDA K.V.,ALAWWA,Sabaragamuwa,92.Kegalle,Kegalle,Dedigama,3.Type2,provincial
24563,HELIYAGODA P.V.,"HELIYAGODA, BELIGALA",Sabaragamuwa,92.Kegalle,Kegalle,Dedigama,4.Type3,provincial
24565,VIDYAWARDANA NEW P.V.,"MATIYAGANE, BELIGALA",Sabaragamuwa,92.Kegalle,Kegalle,Dedigama,4.Type3,provincial
24567,WENIWELLAKADUWA P.V.,WENIWELLAKADUWA ALAWWA,Sabaragamuwa,92.Kegalle,Kegalle,Dedigama,4.Type3,provincial
24568,DEDIGAMA PERAKUMBA M.V.,"DEDIGAMA, THUNTHOTA",Sabaragamuwa,92.Kegalle,Kegalle,Dedigama,1.1AB,provincial
24569,MORAWAKA K.V.,MORAWAKA NELUNDENIYA,Sabaragamuwa,92.Kegalle,Kegalle,Dedigama,3.Type2,provincial
24570,IHALAGAMA SRI SEELARATHANA K.V.,IHALAGAMA NELUNDENIYA,Sabaragamuwa,92.Kegalle,Kegalle,Dedigama,3.Type2,provincial
24571,MENIKKADAWARA K.V.,MENIKKADAWARA THUNTHOTA,Sabaragamuwa,92.Kegalle,Kegalle,Dedigama,3.Type2,provincial
24572,HOLOMBUWA K.V.,HOLOMBUWA THUNTHOTA,Sabaragamuwa,92.Kegalle,Kegalle,Galigamuwa,3.Type2,provincial
24573,DEDIGAMA P.V.,"DEDIGAMA, THUNTHOTA",Sabaragamuwa,92.Kegalle,Kegalle,Dedigama,4.Type3,provincial
24574,GASNAWA TAMIL V.,NELUNDENIYA,Sabaragamuwa,92.Kegalle,Kegalle,Dedigama,4.Type3,provincial
24578,AMBEPUSSA M.V.,WARAKAPOLA,Sabaragamuwa,92.Kegalle,Kegalle,Warakapola,2.1C,provincial
24579,THULHIRIYA DHARMASIRI SENANAYAKE M.V.,THULHIRIYA,Sabaragamuwa,92.Kegalle,Kegalle,Warakapola,1.1AB,provincial
24580,MAHENA K.V.,WARAKAPOLA,Sabaragamuwa,92.Kegalle,Kegalle,Warakapola,3.Type2,provincial
24581,OTHNAPITIYA K.V.,NELUNDENIYA,Sabaragamuwa,92.Kegalle,Kegalle,Warakapola,3.Type2,provincial
24582,ILIPANGAMUWA K.V.,"ILIPANGAMUWA, THOLANGAMUWA",Sabaragamuwa,92.Kegalle,Kegalle,Warakapola,3.Type2,provincial
24583,MANGEDARA K.V.,MANGEDARA THULHIRIYA,Sabaragamuwa,92.Kegalle,Kegalle,Warakapola,3.Type2,provincial
24584,NANGALLA MUSLIM M.V.,THULHIRIYA,Sabaragamuwa,92.Kegalle,Kegalle,Warakapola,2.1C,provincial
24585,THULHIRIYA P.V.,THULHIRIYA,Sabaragamuwa,92.Kegalle,Kegalle,Warakapola,4.Type3,provincial
24586,DELGAMUWA P.V.,"DELGAMUWA, THOLANGAMUWA",Sabaragamuwa,92.Kegalle,Kegalle,Warakapola,4.Type3,provincial
24589,ETHNAWALA M.V.,WARAKAPOLA,Sabaragamuwa,92.Kegalle,Kegalle,Warakapola,2.1C,provincial
24590,NIWATUWA M.V.,"NIWATUWA, WARAKAPOLA",Sabaragamuwa,92.Kegalle,Kegalle,Warakapola,2.1C,provincial
24591,DORAWAKA SIRINIWASA M.V.,DORAWAKA,Sabaragamuwa,92.Kegalle,Kegalle,Warakapola,2.1C,provincial
24592,BABUL HASSEN M.V.,WARAKAPOLA,Sabaragamuwa,92.Kegalle,Kegalle,Warakapola,1.1AB,provincial
24593,BOPITIYA P.V.,"BOPITIYA(SABARA), WARAKAPOLA",Sabaragamuwa,92.Kegalle,Kegalle,Warakapola,4.Type3,provincial
24594,GANEGAMA K.V.,DORAWAKA,Sabaragamuwa,92.Kegalle,Kegalle,Warakapola,4.Type3,provincial
24595,WARAKAPOLA GAMINI M.V.,"DUMMALADENIYA, WARAKAPOLA",Sabaragamuwa,92.Kegalle,Kegalle,Warakapola,2.1C,provincial
24596,DUMMALADENIYA MUSLIM V.,DUMMALADENIYA WARAKAPOLA,Sabaragamuwa,92.Kegalle,Kegalle,Warakapola,3.Type2,provincial
24597,WARAKAPOLA BAUDDHA VIDYALAYA,WARAKAPOLA,Sabaragamuwa,92.Kegalle,Kegalle,Warakapola,4.Type3,provincial
24598,MAINNOLUWA M.V.,WARAKAPOLA,Sabaragamuwa,92.Kegalle,Kegalle,Warakapola,2.1C,provincial
24599,DORAWAKA MAHASEN K.V.,"THALLIYADDA, DORAWAKA, WARAKAPOLA",Sabaragamuwa,92.Kegalle,Kegalle,Warakapola,4.Type3,provincial
24600,MADENIYA TAMIL V.,WARAKAPOLA,Sabaragamuwa,92.Kegalle,Kegalle,Warakapola,4.Type3,provincial
24601,DORAWAKA MADENIYA TAMIL V.,DORAWAKA,Sabaragamuwa,92.Kegalle,Kegalle,Warakapola,4.Type3,provincial
24602,KOHOMBADENIYA P.V.,KOHAMBADENIYA,Sabaragamuwa,92.Kegalle,Kegalle,Warakapola,4.Type3,provincial
24603,ALGAMA M.M.V.,ALGAMA,Sabaragamuwa,92.Kegalle,Kegalle,Warakapola,2.1C,provincial
24604,GODAWELA SRI PRAGNANANDA M.V.,DANOWITA,Sabaragamuwa,92.Kegalle,Kegalle,Warakapola,2.1C,provincial
24605,ALGAMAWATHTHA P.V.,DANOWITA,Sabaragamuwa,92.Kegalle,Kegalle,Warakapola,4.Type3,provincial
24607,UDUWAKA K.V.,ALGAMA,Sabaragamuwa,92.Kegalle,Kegalle,Warakapola,3.Type2,provincial
24608,KANDEGAMA SRI PARAKRAMA V.,KANDEGAMA ALGAMA,Sabaragamuwa,92.Kegalle,Kegalle,Warakapola,3.Type2,provincial
24609,ALGAMA MEDAGAMA NEW MODEL P.V.,"MEDAGAMA, ALGAMA",Sabaragamuwa,92.Kegalle,Kegalle,Warakapola,4.Type3,provincial
24611,GODAWELA MUSLIM V.,DANOWITA,Sabaragamuwa,92.Kegalle,Kegalle,Warakapola,3.Type2,provincial
24612,KALUGALA P.V.,"KALUGALA, BOSSELLA",Sabaragamuwa,92.Kegalle,Mawanella,Aranayaka,4.Type3,provincial
24613,DEHIOWITA BUDDHIST P.V.,DEHIOWITA,Sabaragamuwa,92.Kegalle,Dehiowita,Dehiowita,4.Type3,provincial
24614,HEMINGFORD NO. 2 TAMIL VIDYALAYA,ELAULLA PARAKADUWA,Sabaragamuwa,92.Kegalle,Dehiowita,Dehiowita,4.Type3,provincial
24616,PAHALA THAMBAVITA P.V.,BAMBARAGAHAELLA GAMPOLA,Sabaragamuwa,92.Kegalle,Mawanella,Mawanella,4.Type3,provincial
24617,SARIPUTHTHA MODEL P.V.,ALAUWA,Sabaragamuwa,92.Kegalle,Kegalle,Warakapola,4.Type3,provincial
24618,VIVEKANANDA TAMIL V.,MEEPITIKANDA ESTATE YATIYANTHOTA,Sabaragamuwa,92.Kegalle,Dehiowita,Yatiyantota,4.Type3,provincial
24619,DIPPITIYA RAJAGIRI P.V.,DIPPITIYA ARANAYAKA,Sabaragamuwa,92.Kegalle,Mawanella,Aranayaka,4.Type3,provincial
24620,BHARATHI TAMIL V.,DEGALLASSA ESTATE L.D. YATIYANTHOTA,Sabaragamuwa,92.Kegalle,Dehiowita,Yatiyantota,3.Type2,provincial
24621,THUNBAGE P.V.,UDAPOTHA,Sabaragamuwa,92.Kegalle,Dehiowita,Yatiyantota,4.Type3,provincial
24622,PARAKRAMA P.V.,RAMBUKKANA,Sabaragamuwa,92.Kegalle,Mawanella,Rambukkana,4.Type3,provincial
24623,RANJAN WIJERATHNA P.V.,"PANAWALA, EHELIYAGODA",Sabaragamuwa,92.Kegalle,Dehiowita,Dehiowita,4.Type3,provincial
24624,MABOPITIYA P.V.,"MABOPITIYA, UNDUGODA",Sabaragamuwa,92.Kegalle,Kegalle,Kegalle,4.Type3,provincial
24625,GETIYAMULLA P.V.,"GETIYAMULLA, ALAWATURA",Sabaragamuwa,92.Kegalle,Kegalle,Galigamuwa,4.Type3,provincial
24626,RAMAKRISHNA PRIMARY SCHOOL,YATIYANTHOTA,Sabaragamuwa,92.Kegalle,Dehiowita,Yatiyantota,4.Type3,provincial
24627,WAHARAKA PRIMARY SCHOOL,WAHARAKA,Sabaragamuwa,92.Kegalle,Dehiowita,Ruwanwella,4.Type3,provincial
24629,RUWANWELLA P.V.,RUWANWELLA,Sabaragamuwa,92.Kegalle,Dehiowita,Ruwanwella,4.Type3,provincial
24630,ASHOKA P.V.,KIRIWALLA PITIYA RAMBUKKANA,Sabaragamuwa,92.Kegalle,Mawanella,Rambukkana,4.Type3,provincial
24631,AL-ARAFA MUSLIM P.V.,DIPPITIYA,Sabaragamuwa,92.Kegalle,Mawanella,Aranayaka,4.Type3,provincial
24632,HATHGAMPALA P.V.,"HATHGAMPALA, ARANAYAKA",Sabaragamuwa,92.Kegalle,Mawanella,Aranayaka,4.Type3,provincial
24633,HIJRAGAMA MUSLIM PRIMARY SCHOOL,HIJRAGAMA HEMMATHAGAMA,Sabaragamuwa,92.Kegalle,Mawanella,Mawanella,4.Type3,provincial
24634,IQRA P.V.,KANNATTOTA,Sabaragamuwa,92.Kegalle,Dehiowita,Ruwanwella,4.Type3,provincial
24636,KIVULDENIYA P.V.,KIVULDENIYA GALAPITAMADA,Sabaragamuwa,92.Kegalle,Kegalle,Dedigama,4.Type3,provincial
24637,DORAWAKA SIRINIVASA P.V.,DORAWAKA,Sabaragamuwa,92.Kegalle,Kegalle,Warakapola,4.Type3,provincial
24638,BOMALUWA RAJASINGHE P.V.,"IHALA MANIYANGAMA, AVISSAWELLA",Sabaragamuwa,92.Kegalle,Dehiowita,Dehiowita,4.Type3,provincial
24639,KATHIRESHAN TAMIL P.V.,DERANIYAGALA,Sabaragamuwa,92.Kegalle,Dehiowita,Deraniyagala,4.Type3,provincial
24640,GALAPITAMADA WALAGAMBA P.V.,GALAPITAMADA,Sabaragamuwa,92.Kegalle,Dehiowita,Ruwanwella,4.Type3,provincial
24641,KALYANI P.V.,KITHULGALA,Sabaragamuwa,92.Kegalle,Dehiowita,Kitulgala,4.Type3,provincial
